Player_URL,Player,Player1,Player_URL2,Player3,Player4,Player5,Apps,Mins,Goals,Assists,Yel,Red,SpG,PS,AerialsWon,MotM,Rating
https://www.whoscored.com/Players/11119/Show/Lionel-Messi,	1,Lionel Messi,https://www.whoscored.com/Teams/304/Show/France-PSG,"PSG, ",36,",  AM(CR),FW  ",32,2842	,16	,16	,-	,-	,4	,83.1	,-	,14	,8.28
https://www.whoscored.com/Players/300713/Show/Kylian-Mbapp%C3%A9,	2,Kylian Mbappé,https://www.whoscored.com/Teams/304/Show/France-PSG,"PSG, ",25,",  AM(CLR),FW  ",32(2),2822	,29	,5	,6	,-	,4.4	,82.9	,0.2	,7	,7.80
https://www.whoscored.com/Players/50835/Show/Neymar,	3,Neymar,https://www.whoscored.com/Teams/304/Show/France-PSG,"PSG, ",32,",  AM(CLR),FW  ",18(2),1553	,13	,11	,4	,1	,1.9	,82.7	,0.1	,3	,7.71
https://www.whoscored.com/Players/73078/Show/Alexandre-Lacazette,	4,Alexandre Lacazette,https://www.whoscored.com/Teams/228/Show/France-Lyon,"Lyon, ",32,",  M(CLR),FW  ",34(1),2938	,27	,5	,3	,-	,3.3	,75.5	,0.8	,5	,7.42
https://www.whoscored.com/Players/85693/Show/R%C3%A9my-Cabella,	5,Rémy Cabella,https://www.whoscored.com/Teams/607/Show/France-Lille,"Lille, ",34,",  M(CLR),FW  ",28(4),2535	,7	,10	,3	,-	,1.3	,84.3	,0.3	,5	,7.38
https://www.whoscored.com/Players/234377/Show/T%C3%A9ji-Savanier,	6,Téji Savanier,https://www.whoscored.com/Teams/311/Show/France-Montpellier,"Montpellier, ",32,",  M(C)  ",30,2557	,12	,4	,4	,3	,2.1	,77.9	,0.4	,7	,7.28
https://www.whoscored.com/Players/398393/Show/Enzo-Le-F%C3%A9e,	7,Enzo Le Fée,https://www.whoscored.com/Teams/146/Show/France-Lorient,"Lorient, ",24,",  M(CLR)  ",35,3039	,5	,5	,5	,-	,1.3	,84.7	,0.3	,5	,7.26
https://www.whoscored.com/Players/383855/Show/Jonathan-David,	8,Jonathan David,https://www.whoscored.com/Teams/607/Show/France-Lille,"Lille, ",24,",  AM(C),FW  ",36(1),3179	,24	,4	,6	,-	,2.9	,82.7	,0.4	,5	,7.18
https://www.whoscored.com/Players/43415/Show/Benjamin-Andr%C3%A9,	9,Benjamin André,https://www.whoscored.com/Teams/607/Show/France-Lille,"Lille, ",33,",  D(R),M(CLR)  ",33(1),2919	,1	,1	,12	,-	,0.7	,84.3	,2.7	,3	,7.16
https://www.whoscored.com/Players/89928/Show/Benjamin-Lecomte,	10,Benjamin Lecomte,https://www.whoscored.com/Teams/311/Show/France-Montpellier,"Montpellier, ",33,",  GK  ",19,1710	,-	,-	,-	,-	,-	,60	,0.3	,1	,7.15
https://www.whoscored.com/Players/129282/Show/Benjamin-Bourigeaud,	11,Benjamin Bourigeaud,https://www.whoscored.com/Teams/313/Show/France-Rennes,"Rennes, ",30,",  M(CLR)  ",37,3084	,7	,10	,4	,1	,2	,80.8	,0.3	,4	,7.15
https://www.whoscored.com/Players/274934/Show/Florian-Sotoca,	12,Florian Sotoca,https://www.whoscored.com/Teams/309/Show/France-Lens,"Lens, ",33,",  M(CR),FW  ",34(4),3064	,7	,9	,4	,-	,2.3	,80.1	,1.5	,4	,7.13
https://www.whoscored.com/Players/348654/Show/Amine-Gouiri,	13,Amine Gouiri,https://www.whoscored.com/Teams/313/Show/France-Rennes,"Rennes, ",24,",  AM(CL),FW  ",29(4),2532	,15	,3	,3	,-	,2.2	,79.8	,0.9	,1	,7.12
https://www.whoscored.com/Players/140051/Show/Ga%C3%ABtan-Laborde,	14,Gaëtan Laborde,https://www.whoscored.com/Teams/613/Show/France-Nice,"Nice, ",29,",  AM(CLR),FW  ",28(5),2514	,13	,3	,-	,-	,2.3	,71	,1.5	,4	,7.12
https://www.whoscored.com/Players/244560/Show/Aleksandr-Golovin,	15,Aleksandr Golovin,https://www.whoscored.com/Teams/248/Show/France-Monaco,"Monaco, ",27,",  M(CLR)  ",29(5),2484	,8	,7	,5	,-	,1.4	,74.8	,0.5	,3	,7.11
https://www.whoscored.com/Players/254562/Show/Seko-Fofana,	16,Seko Fofana,https://www.whoscored.com/Teams/309/Show/France-Lens,"Lens, ",28,",  M(C)  ",34(1),3079	,7	,5	,2	,-	,2.4	,89.3	,0.6	,4	,7.10
https://www.whoscored.com/Players/279380/Show/Andrei-Girotto,	17,Andrei Girotto,https://www.whoscored.com/Teams/302/Show/France-Nantes,"Nantes, ",32,",  D(C),DMC  ",36,3153	,1	,1	,7	,-	,0.8	,83	,2.2	,4	,7.09
https://www.whoscored.com/Players/363181/Show/Edon-Zhegrova,	18,Edon Zhegrova,https://www.whoscored.com/Teams/607/Show/France-Lille,"Lille, ",25,",  AM(R)  ",11(11),1056	,3	,4	,1	,-	,1.9	,82.5	,-	,2	,7.08
https://www.whoscored.com/Players/139299/Show/Branco-van-den-Boomen,	19,Branco van den Boomen,https://www.whoscored.com/Teams/246/Show/France-Toulouse,"Toulouse, ",28,",  DMC  ",32(3),2893	,5	,8	,6	,-	,1.5	,83	,0.2	,1	,7.08
https://www.whoscored.com/Players/388098/Show/J%C3%A9r%C3%A9my-Doku,	20,Jérémy Doku,https://www.whoscored.com/Teams/313/Show/France-Rennes,"Rennes, ",21,",  M(LR)  ",13(16),1287	,6	,2	,-	,-	,0.9	,86.4	,0.1	,4	,7.08
https://www.whoscored.com/Players/320242/Show/Jean-Ricner-Bellegarde,	21,Jean-Ricner Bellegarde,https://www.whoscored.com/Teams/148/Show/France-Strasbourg,"Strasbourg, ",25,",  M(CLR)  ",29(1),2428	,2	,6	,5	,-	,1.3	,81.6	,0.7	,5	,7.07
https://www.whoscored.com/Players/135259/Show/Steve-Mouni%C3%A9,	22,Steve Mounié,https://www.whoscored.com/Teams/2332/Show/France-Brest,"Brest, ",29,",  FW  ",20(3),1662	,6	,-	,2	,-	,2.6	,56.2	,6.6	,2	,7.07
https://www.whoscored.com/Players/89946/Show/Wissam-Ben-Yedder,	23,Wissam Ben Yedder,https://www.whoscored.com/Teams/248/Show/France-Monaco,"Monaco, ",33,",  AM(C),FW  ",28(4),2130	,19	,6	,4	,-	,2.3	,76.5	,0.5	,4	,7.07
https://www.whoscored.com/Players/294496/Show/Fabien-Centonze,	24,Fabien Centonze,https://www.whoscored.com/Teams/302/Show/France-Nantes,"Nantes, ",28,",  D(R),M(R)  ",19(4),1693	,-	,-	,4	,-	,0.6	,79.3	,1.4	,1	,7.06
https://www.whoscored.com/Players/395221/Show/Nuno-Mendes,	25,Nuno Mendes,https://www.whoscored.com/Teams/304/Show/France-PSG,"PSG, ",21,",  D(L),M(L)  ",18(5),1554	,1	,5	,2	,-	,0.4	,86.9	,0.4	,-	,7.04
https://www.whoscored.com/Players/368272/Show/Maxence-Caqueret,	26,Maxence Caqueret,https://www.whoscored.com/Teams/228/Show/France-Lyon,"Lyon, ",24,",  M(C)  ",32(4),2778	,4	,7	,2	,-	,0.7	,86.3	,0.4	,2	,7.04
https://www.whoscored.com/Players/25244/Show/Alexis-S%C3%A1nchez,	27,Alexis Sánchez,https://www.whoscored.com/Teams/249/Show/France-Marseille,"Marseille, ",35,",  M(CLR),FW  ",32(3),2699	,14	,3	,3	,-	,1.9	,75.8	,1	,6	,7.04
https://www.whoscored.com/Players/296372/Show/Habib-Diallo,	28,Habib Diallo,https://www.whoscored.com/Teams/148/Show/France-Strasbourg,"Strasbourg, ",28,",  AM(R),FW  ",32(5),2880	,20	,1	,2	,1	,2.5	,67.7	,3.6	,5	,7.04
https://www.whoscored.com/Players/137521/Show/Nabil-Bentaleb,	29,Nabil Bentaleb,https://www.whoscored.com/Teams/614/Show/France-Angers,"Angers, ",29,",  M(C)  ",29(1),2492	,4	,4	,5	,1	,1.4	,85.2	,1	,4	,7.03
https://www.whoscored.com/Players/339500/Show/Przemyslaw-Frankowski,	30,Przemyslaw Frankowski,https://www.whoscored.com/Teams/309/Show/France-Lens,"Lens, ",29,",  D(R),M(CLR)  ",31(6),2838	,5	,3	,4	,-	,0.8	,82.1	,0.3	,3	,7.03
https://www.whoscored.com/Players/299562/Show/Ludovic-Blas,	31,Ludovic Blas,https://www.whoscored.com/Teams/302/Show/France-Nantes,"Nantes, ",26,",  M(CLR),FW  ",30(7),2821	,7	,5	,6	,-	,2.7	,85.5	,0.5	,3	,7.01
https://www.whoscored.com/Players/231144/Show/Valentin-Rongier,	32,Valentin Rongier,https://www.whoscored.com/Teams/249/Show/France-Marseille,"Marseille, ",29,",  D(R),M(C)  ",34(2),3034	,1	,2	,8	,-	,0.6	,88.5	,1.2	,1	,7.00
https://www.whoscored.com/Players/137837/Show/Franck-Honorat,	33,Franck Honorat,https://www.whoscored.com/Teams/2332/Show/France-Brest,"Brest, ",27,",  M(LR),FW  ",29(4),2546	,6	,5	,1	,-	,1.4	,75	,0.4	,3	,7.00
https://www.whoscored.com/Players/363618/Show/Lo%C3%AFs-Openda,	34,Loïs Openda,https://www.whoscored.com/Teams/309/Show/France-Lens,"Lens, ",24,",  FW  ",29(9),2529	,21	,4	,2	,-	,2.7	,71.2	,0.3	,6	,6.99
https://www.whoscored.com/Players/386153/Show/Rayan-Cherki,	35,Rayan Cherki,https://www.whoscored.com/Teams/228/Show/France-Lyon,"Lyon, ",20,",  AM(CLR),FW  ",21(13),1874	,4	,6	,3	,-	,1.8	,81	,0.1	,3	,6.99
https://www.whoscored.com/Players/301243/Show/Pierre-Lees-Melou,	36,Pierre Lees-Melou,https://www.whoscored.com/Teams/2332/Show/France-Brest,"Brest, ",30,",  M(CLR)  ",32,2773	,5	,5	,10	,1	,1.3	,83.9	,0.6	,3	,6.99
https://www.whoscored.com/Players/377583/Show/Hicham-Boudaoui,	37,Hicham Boudaoui,https://www.whoscored.com/Teams/613/Show/France-Nice,"Nice, ",24,",  M(CR)  ",22(5),1882	,1	,2	,5	,-	,0.8	,89.7	,0.3	,-	,6.97
https://www.whoscored.com/Players/239872/Show/Nicolas-P%C3%A9p%C3%A9,	38,Nicolas Pépé,https://www.whoscored.com/Teams/613/Show/France-Nice,"Nice, ",28,",  AM(CLR),FW  ",17(2),1529	,6	,-	,2	,-	,2.6	,83.1	,0.4	,1	,6.96
https://www.whoscored.com/Players/301869/Show/Jonathan-Clauss,	39,Jonathan Clauss,https://www.whoscored.com/Teams/249/Show/France-Marseille,"Marseille, ",31,",  D(R),M(LR)  ",32(2),2604	,2	,9	,1	,-	,1.4	,75.8	,0.3	,2	,6.95
https://www.whoscored.com/Players/236552/Show/Jonathan-Gradit,	40,Jonathan Gradit,https://www.whoscored.com/Teams/309/Show/France-Lens,"Lens, ",31,",  D(CR)  ",33,2830	,1	,3	,7	,-	,0.2	,90.2	,1.5	,-	,6.95
https://www.whoscored.com/Players/6683/Show/Dante,	41,Dante,https://www.whoscored.com/Teams/613/Show/France-Nice,"Nice, ",40,",  D(C)  ",37,3300	,1	,2	,6	,-	,0.6	,90.1	,2	,-	,6.94
https://www.whoscored.com/Players/234352/Show/Yunis-Abdelhamid,	42,Yunis Abdelhamid,https://www.whoscored.com/Teams/950/Show/France-Reims,"Reims, ",36,",  D(C)  ",37,3330	,1	,2	,6	,-	,0.9	,83.1	,2.5	,1	,6.94
https://www.whoscored.com/Players/402059/Show/Rasmus-Nicolaisen,	43,Rasmus Nicolaisen,https://www.whoscored.com/Teams/246/Show/France-Toulouse,"Toulouse, ",27,",  D(C)  ",34,2997	,-	,2	,5	,1	,0.4	,84.3	,3.4	,1	,6.94
https://www.whoscored.com/Players/320834/Show/Achraf-Hakimi,	44,Achraf Hakimi,https://www.whoscored.com/Teams/304/Show/France-PSG,"PSG, ",25,",  D(LR),M(R)  ",23(5),2053	,5	,3	,5	,2	,0.6	,90.2	,0.3	,-	,6.94
https://www.whoscored.com/Players/319767/Show/Yehvann-Diouf,	45,Yehvann Diouf,https://www.whoscored.com/Teams/950/Show/France-Reims,"Reims, ",24,",  GK  ",31,2790	,-	,-	,2	,-	,-	,76.4	,0.5	,2	,6.94
https://www.whoscored.com/Players/330816/Show/Kevin-Danso,	46,Kevin Danso,https://www.whoscored.com/Teams/309/Show/France-Lens,"Lens, ",25,",  D(C)  ",37,3234	,1	,2	,7	,1	,0.6	,90.1	,2.3	,2	,6.94
https://www.whoscored.com/Players/425366/Show/Bradley-Barcola,	47,Bradley Barcola,https://www.whoscored.com/Teams/228/Show/France-Lyon,"Lyon, ",21,",  AM(LR),FW  ",15(11),1438	,5	,8	,3	,-	,1	,72.4	,0.6	,3	,6.94
https://www.whoscored.com/Players/91961/Show/Marco-Verratti,	48,Marco Verratti,https://www.whoscored.com/Teams/304/Show/France-PSG,"PSG, ",31,",  M(C)  ",27(2),2206	,-	,-	,10	,1	,0.3	,92.9	,0.4	,-	,6.94
https://www.whoscored.com/Players/408033/Show/Vanderson,	49,Vanderson,https://www.whoscored.com/Teams/248/Show/France-Monaco,"Monaco, ",22,",  D(R),M(R)  ",24(7),2220	,1	,4	,3	,1	,0.8	,77.9	,0.9	,2	,6.93
https://www.whoscored.com/Players/113747/Show/Adrien-Thomasson,	50,Adrien Thomasson,https://www.whoscored.com/Teams/309/Show/France-Lens,"Lens, ",30,",  M(CLR)  ",16(4),1288	,5	,5	,1	,-	,1.1	,80.3	,0.6	,-	,6.92
https://www.whoscored.com/Players/121711/Show/Alexander-Djiku,	51,Alexander Djiku,https://www.whoscored.com/Teams/148/Show/France-Strasbourg,"Strasbourg, ",29,",  D(CR),DMC  ",31,2681	,1	,2	,8	,1	,0.5	,80.8	,3	,1	,6.92
https://www.whoscored.com/Players/320313/Show/Caio-Henrique,	52,Caio Henrique,https://www.whoscored.com/Teams/248/Show/France-Monaco,"Monaco, ",26,",  D(L),M(CL)  ",32(3),2898	,1	,9	,3	,-	,0.3	,80.3	,0.5	,2	,6.92
https://www.whoscored.com/Players/236504/Show/Karl-Toko-Ekambi,	53,Karl Toko-Ekambi,https://www.whoscored.com/Teams/228/Show/France-Lyon,"Lyon, ",31,",  AM(LR),FW  ",15(4),1357	,4	,2	,1	,-	,2.2	,82.3	,0.8	,2	,6.91
https://www.whoscored.com/Players/241019/Show/Jonathan-Bamba,	54,Jonathan Bamba,https://www.whoscored.com/Teams/607/Show/France-Lille,"Lille, ",28,",  AM(CLR),FW  ",32(2),2790	,6	,7	,6	,-	,2.1	,83.8	,0.6	,2	,6.91
https://www.whoscored.com/Players/369863/Show/Neto-Borges,	55,Neto Borges,https://www.whoscored.com/Teams/941/Show/France-Clermont-Foot,"Clermont Foot, ",27,",  D(CL),M(L)  ",33,2840	,3	,1	,2	,2	,0.7	,79.5	,1.1	,4	,6.91
https://www.whoscored.com/Players/366379/Show/Kh%C3%A9phren-Thuram,	56,Khéphren Thuram,https://www.whoscored.com/Teams/613/Show/France-Nice,"Nice, ",23,",  DMC,M(L)  ",30(5),2560	,2	,4	,3	,-	,1.1	,86.9	,0.5	,1	,6.91
https://www.whoscored.com/Players/384065/Show/Folarin-Balogun,	57,Folarin Balogun,https://www.whoscored.com/Teams/950/Show/France-Reims,"Reims, ",22,",  FW  ",34(3),3013	,21	,2	,5	,-	,3.5	,72.5	,0.4	,4	,6.90
https://www.whoscored.com/Players/355960/Show/Azor-Matusiwa,	58,Azor Matusiwa,https://www.whoscored.com/Teams/950/Show/France-Reims,"Reims, ",26,",  DMC  ",29(1),2492	,-	,-	,4	,-	,0.4	,85.7	,1.1	,-	,6.89
https://www.whoscored.com/Players/362470/Show/Youssouf-Fofana,	59,Youssouf Fofana,https://www.whoscored.com/Teams/248/Show/France-Monaco,"Monaco, ",25,",  DMC  ",35(1),3089	,2	,2	,1	,2	,1.2	,82.5	,0.6	,-	,6.89
https://www.whoscored.com/Players/294193/Show/Fabi%C3%A1n-Ruiz,	60,Fabián Ruiz,https://www.whoscored.com/Teams/304/Show/France-PSG,"PSG, ",28,",  M(CL)  ",21(6),1899	,3	,2	,-	,-	,1	,92.3	,0.2	,1	,6.89
https://www.whoscored.com/Players/370255/Show/Junya-Ito,	61,Junya Ito,https://www.whoscored.com/Teams/950/Show/France-Reims,"Reims, ",31,",  M(LR),FW  ",34(1),2930	,6	,5	,3	,1	,1.2	,71.3	,0.8	,3	,6.89
https://www.whoscored.com/Players/300291/Show/Romain-Del-Castillo,	62,Romain Del Castillo,https://www.whoscored.com/Teams/2332/Show/France-Brest,"Brest, ",28,",  AM(CLR),FW  ",16(11),1429	,6	,6	,2	,-	,1.3	,72.3	,0.7	,2	,6.88
https://www.whoscored.com/Players/262515/Show/Gianluigi-Donnarumma,	63,Gianluigi Donnarumma,https://www.whoscored.com/Teams/304/Show/France-PSG,"PSG, ",25,",  GK  ",38,3410	,-	,-	,3	,-	,-	,84	,0.3	,3	,6.88
https://www.whoscored.com/Players/377411/Show/Marshall-Munetsi,	64,Marshall Munetsi,https://www.whoscored.com/Teams/950/Show/France-Reims,"Reims, ",27,",  D(C),M(C)  ",31(3),2708	,7	,3	,6	,-	,2	,75.3	,1.7	,-	,6.88
https://www.whoscored.com/Players/255071/Show/Cengiz-%C3%9Cnder,	65,Cengiz Ünder,https://www.whoscored.com/Teams/249/Show/France-Marseille,"Marseille, ",26,",  M(CLR)  ",28(9),2497	,5	,4	,3	,-	,1.9	,77.1	,0.3	,4	,6.87
https://www.whoscored.com/Players/407661/Show/Elye-Wahi,	66,Elye Wahi,https://www.whoscored.com/Teams/311/Show/France-Montpellier,"Montpellier, ",21,",  AM(L),FW  ",29(4),2530	,19	,5	,8	,1	,1.9	,70.7	,0.6	,2	,6.87
https://www.whoscored.com/Players/127970/Show/Rony-Lopes,	67,Rony Lopes,https://www.whoscored.com/Teams/229/Show/France-Troyes,"Troyes, ",28,",  AM(CLR),FW  ",29(3),2360	,7	,5	,2	,-	,1.8	,75.2	,0.6	,2	,6.87
https://www.whoscored.com/Players/83809/Show/Nicol%C3%A1s-Tagliafico,	68,Nicolás Tagliafico,https://www.whoscored.com/Teams/228/Show/France-Lyon,"Lyon, ",31,",  D(CL),M(L)  ",34,2995	,1	,3	,5	,-	,0.7	,85.8	,1.3	,1	,6.86
https://www.whoscored.com/Players/403850/Show/Malo-Gusto,	69,Malo Gusto,https://www.whoscored.com/Teams/228/Show/France-Lyon,"Lyon, ",20,",  D(R),M(R)  ",19(2),1602	,-	,1	,1	,-	,0.3	,85.1	,0.4	,1	,6.86
https://www.whoscored.com/Players/379790/Show/Nuno-Tavares,	70,Nuno Tavares,https://www.whoscored.com/Teams/249/Show/France-Marseille,"Marseille, ",24,",  D(L),M(L)  ",23(8),2349	,6	,-	,6	,1	,2.1	,79.1	,0.7	,1	,6.86
https://www.whoscored.com/Players/101017/Show/Jordan-Veretout,	71,Jordan Veretout,https://www.whoscored.com/Teams/249/Show/France-Marseille,"Marseille, ",31,",  M(C)  ",31(7),2864	,4	,3	,4	,-	,0.8	,87.9	,0.5	,1	,6.85
https://www.whoscored.com/Players/236558/Show/Baptiste-Santamar%C3%ADa,	72,Baptiste Santamaría,https://www.whoscored.com/Teams/313/Show/France-Rennes,"Rennes, ",29,",  DMC  ",20(5),1815	,2	,-	,2	,-	,0.8	,85.5	,2.4	,1	,6.84
https://www.whoscored.com/Players/136727/Show/Rafael-Rat%C3%A3o,	73,Rafael Ratão,https://www.whoscored.com/Teams/246/Show/France-Toulouse,"Toulouse, ",28,",  AM(LR)  ",25(5),1871	,5	,4	,2	,-	,1	,77.7	,0.3	,1	,6.84
https://www.whoscored.com/Players/300426/Show/Axel-Disasi,	74,Axel Disasi,https://www.whoscored.com/Teams/248/Show/France-Monaco,"Monaco, ",26,",  D(CR)  ",37(1),3330	,3	,3	,3	,-	,0.8	,83.8	,2.6	,1	,6.83
https://www.whoscored.com/Players/234376/Show/Samuel-Gigot,	75,Samuel Gigot,https://www.whoscored.com/Teams/249/Show/France-Marseille,"Marseille, ",30,",  D(C)  ",24(2),1889	,2	,2	,3	,2	,0.5	,87.3	,2.2	,2	,6.83
https://www.whoscored.com/Players/143695/Show/Breel-Embolo,	76,Breel Embolo,https://www.whoscored.com/Teams/248/Show/France-Monaco,"Monaco, ",27,",  AM(CR),FW  ",19(13),1856	,12	,2	,3	,-	,1.3	,70.1	,1.1	,1	,6.83
https://www.whoscored.com/Players/398301/Show/Adrien-Truffert,	77,Adrien Truffert,https://www.whoscored.com/Teams/313/Show/France-Rennes,"Rennes, ",22,",  D(L),M(L)  ",24(4),1962	,-	,6	,2	,-	,0.4	,80.8	,1.2	,1	,6.83
https://www.whoscored.com/Players/81662/Show/Ismaily,	78,Ismaily,https://www.whoscored.com/Teams/607/Show/France-Lille,"Lille, ",34,",  D(L)  ",21(2),1785	,2	,1	,-	,-	,0.6	,81	,1.6	,-	,6.83
https://www.whoscored.com/Players/134894/Show/Corentin-Tolisso,	79,Corentin Tolisso,https://www.whoscored.com/Teams/228/Show/France-Lyon,"Lyon, ",29,",  D(R),M(CR)  ",25(5),2050	,1	,2	,3	,-	,1	,88.8	,1.2	,1	,6.82
https://www.whoscored.com/Players/409742/Show/Alexis-Flips,	80,Alexis Flips,https://www.whoscored.com/Teams/950/Show/France-Reims,"Reims, ",24,",  M(CLR)  ",28(5),1998	,4	,6	,3	,1	,1.6	,72.6	,0.4	,2	,6.82
https://www.whoscored.com/Players/235829/Show/Mory-Diaw,	81,Mory Diaw,https://www.whoscored.com/Teams/941/Show/France-Clermont-Foot,"Clermont Foot, ",30,",  GK  ",37,3330	,-	,-	,-	,-	,-	,66.8	,0.1	,3	,6.82
https://www.whoscored.com/Players/289018/Show/Hamari-Traor%C3%A9,	82,Hamari Traoré,https://www.whoscored.com/Teams/313/Show/France-Rennes,"Rennes, ",32,",  D(R),M(R)  ",28(3),2531	,1	,4	,5	,-	,1	,87	,1.1	,-	,6.82
https://www.whoscored.com/Players/9909/Show/Sergio-Ramos,	83,Sergio Ramos,https://www.whoscored.com/Teams/304/Show/France-PSG,"PSG, ",38,",  D(CR)  ",31(2),2709	,2	,1	,3	,1	,0.6	,94.8	,1.7	,-	,6.82
https://www.whoscored.com/Players/345527/Show/Jordan-Lotomba,	84,Jordan Lotomba,https://www.whoscored.com/Teams/613/Show/France-Nice,"Nice, ",25,",  D(LR),M(R)  ",27(6),2456	,-	,2	,4	,-	,0.4	,85.2	,0.8	,2	,6.82
https://www.whoscored.com/Players/104368/Show/Chancel-Mbemba,	85,Chancel Mbemba,https://www.whoscored.com/Teams/249/Show/France-Marseille,"Marseille, ",29,",  D(CLR),DMC  ",32(4),2850	,5	,-	,2	,-	,0.8	,84.4	,2	,1	,6.82
https://www.whoscored.com/Players/261150/Show/Stijn-Spierings,	86,Stijn Spierings,https://www.whoscored.com/Teams/246/Show/France-Toulouse,"Toulouse, ",28,",  M(C)  ",35(1),3123	,2	,-	,6	,-	,0.7	,86.1	,0.6	,-	,6.81
https://www.whoscored.com/Players/145427/Show/Pau-L%C3%B3pez,	87,Pau López,https://www.whoscored.com/Teams/249/Show/France-Marseille,"Marseille, ",29,",  GK  ",32(1),2925	,-	,2	,3	,-	,-	,76	,0.3	,1	,6.81
https://www.whoscored.com/Players/300590/Show/Alban-Lafont,	88,Alban Lafont,https://www.whoscored.com/Teams/302/Show/France-Nantes,"Nantes, ",25,",  GK  ",37,3330	,-	,-	,-	,1	,-	,64.6	,0.2	,5	,6.81
https://www.whoscored.com/Players/372412/Show/Mikkel-Desler,	89,Mikkel Desler,https://www.whoscored.com/Teams/246/Show/France-Toulouse,"Toulouse, ",29,",  D(R),M(R)  ",26(1),2262	,1	,2	,4	,1	,0.4	,86.2	,0.9	,1	,6.80
https://www.whoscored.com/Players/330672/Show/Facundo-Medina,	90,Facundo Medina,https://www.whoscored.com/Teams/309/Show/France-Lens,"Lens, ",24,",  D(CL)  ",32,2784	,2	,4	,7	,-	,0.6	,90.8	,1.2	,1	,6.80
https://www.whoscored.com/Players/101363/Show/Maxime-Dup%C3%A9,	91,Maxime Dupé,https://www.whoscored.com/Teams/246/Show/France-Toulouse,"Toulouse, ",31,",  GK  ",38,3420	,-	,-	,1	,-	,-	,75.2	,0.3	,4	,6.80
https://www.whoscored.com/Players/297577/Show/Adam-Ounas,	92,Adam Ounas,https://www.whoscored.com/Teams/607/Show/France-Lille,"Lille, ",27,",  AM(CLR),FW  ",12(9),1065	,1	,1	,2	,-	,1.2	,79.7	,0.2	,1	,6.80
https://www.whoscored.com/Players/130298/Show/Brendan-Chardonnet,	93,Brendan Chardonnet,https://www.whoscored.com/Teams/2332/Show/France-Brest,"Brest, ",29,",  D(C)  ",27(3),2489	,-	,-	,6	,-	,0.5	,80.8	,3.1	,-	,6.79
https://www.whoscored.com/Players/361797/Show/Montassar-Talbi,	94,Montassar Talbi,https://www.whoscored.com/Teams/146/Show/France-Lorient,"Lorient, ",25,",  D(C)  ",38,3420	,1	,2	,-	,-	,0.2	,89.1	,2.4	,1	,6.79
https://www.whoscored.com/Players/236561/Show/Johan-Gastien,	95,Johan Gastien,https://www.whoscored.com/Teams/941/Show/France-Clermont-Foot,"Clermont Foot, ",36,",  DMC  ",29(2),2607	,4	,3	,7	,-	,0.6	,84.7	,0.3	,2	,6.79
https://www.whoscored.com/Players/438897/Show/Alexsandro-Ribeiro,	96,Alexsandro Ribeiro,https://www.whoscored.com/Teams/607/Show/France-Lille,"Lille, ",24,",  D(C)  ",16(5),1611	,3	,-	,4	,-	,0.8	,90.8	,1.5	,2	,6.79
https://www.whoscored.com/Players/422189/Show/Salis-Abdul-Samed,	97,Salis Abdul Samed,https://www.whoscored.com/Teams/309/Show/France-Lens,"Lens, ",24,",  DMC  ",33,2897	,1	,1	,6	,1	,0.4	,92.6	,0.4	,-	,6.79
https://www.whoscored.com/Players/402810/Show/Emmanuel-Agbadou,	98,Emmanuel Agbadou,https://www.whoscored.com/Teams/950/Show/France-Reims,"Reims, ",26,",  D(CR),DMC  ",27(2),2390	,-	,3	,5	,3	,0.8	,86	,2.1	,1	,6.79
https://www.whoscored.com/Players/19545/Show/Kasper-Schmeichel,	99,Kasper Schmeichel,https://www.whoscored.com/Teams/613/Show/France-Nice,"Nice, ",37,",  GK  ",36,3240	,-	,-	,-	,-	,-	,74.9	,0.1	,2	,6.79
https://www.whoscored.com/Players/361710/Show/Jean-Clair-Todibo,	100,Jean-Clair Todibo,https://www.whoscored.com/Teams/613/Show/France-Nice,"Nice, ",24,",  D(C)  ",33(1),2873	,-	,-	,2	,2	,0.4	,88.9	,1.1	,1	,6.79
https://www.whoscored.com/Players/392645/Show/Mohamed-Camara,	101,Mohamed Camara,https://www.whoscored.com/Teams/248/Show/France-Monaco,"Monaco, ",24,",  DMC  ",25(4),2200	,-	,3	,6	,1	,0.9	,87.6	,0.5	,1	,6.78
https://www.whoscored.com/Players/335692/Show/Kr%C3%A9pin-Diatta,	102,Krépin Diatta,https://www.whoscored.com/Teams/248/Show/France-Monaco,"Monaco, ",25,",  D(R),M(CLR),FW  ",22(9),2079	,4	,2	,3	,-	,1.3	,79.4	,1.3	,1	,6.78
https://www.whoscored.com/Players/447045/Show/Himad-Abdelli,	103,Himad Abdelli,https://www.whoscored.com/Teams/614/Show/France-Angers,"Angers, ",24,",  AM(CL),FW  ",24(6),2141	,2	,2	,3	,-	,0.8	,85.1	,0.6	,3	,6.78
https://www.whoscored.com/Players/342570/Show/Rominigue-Kouam%C3%A9,	104,Rominigue Kouamé,https://www.whoscored.com/Teams/229/Show/France-Troyes,"Troyes, ",27,",  DMC  ",31(1),2669	,1	,1	,9	,-	,0.8	,89.1	,0.7	,1	,6.77
https://www.whoscored.com/Players/105198/Show/Brice-Samba,	105,Brice Samba,https://www.whoscored.com/Teams/309/Show/France-Lens,"Lens, ",30,",  GK  ",37,3330	,-	,-	,3	,-	,-	,73	,0.2	,1	,6.77
https://www.whoscored.com/Players/328288/Show/Arnaud-Nordin,	106,Arnaud Nordin,https://www.whoscored.com/Teams/311/Show/France-Montpellier,"Montpellier, ",25,",  AM(CLR),FW  ",30(6),2419	,9	,3	,4	,-	,1.6	,78	,0.6	,1	,6.76
https://www.whoscored.com/Players/94891/Show/Danilo-Pereira,	107,Danilo Pereira,https://www.whoscored.com/Teams/304/Show/France-PSG,"PSG, ",32,",  D(C),DMC  ",27(6),2411	,2	,-	,3	,-	,0.7	,94.6	,1	,-	,6.76
https://www.whoscored.com/Players/121417/Show/Guillermo-Marip%C3%A1n,	108,Guillermo Maripán,https://www.whoscored.com/Teams/248/Show/France-Monaco,"Monaco, ",29,",  D(C)  ",25(1),2160	,3	,-	,4	,1	,0.6	,87.5	,1.8	,1	,6.76
https://www.whoscored.com/Players/299077/Show/Nordi-Mukiele,	109,Nordi Mukiele,https://www.whoscored.com/Teams/304/Show/France-PSG,"PSG, ",26,",  D(CR),M(R)  ",12(7),1133	,-	,3	,-	,-	,0.6	,88.4	,1.1	,1	,6.76
https://www.whoscored.com/Players/389064/Show/Melvin-Bard,	110,Melvin Bard,https://www.whoscored.com/Teams/613/Show/France-Nice,"Nice, ",23,",  D(L),M(L)  ",28(5),2460	,-	,-	,6	,-	,0.2	,82.3	,1	,-	,6.75
https://www.whoscored.com/Players/397366/Show/Sinaly-Diomand%C3%A9,	111,Sinaly Diomandé,https://www.whoscored.com/Teams/228/Show/France-Lyon,"Lyon, ",23,",  D(CR)  ",22(2),1959	,-	,-	,2	,1	,0.4	,85.6	,2.3	,-	,6.75
https://www.whoscored.com/Players/422192/Show/Alidu-Seidu,	112,Alidu Seidu,https://www.whoscored.com/Teams/941/Show/France-Clermont-Foot,"Clermont Foot, ",23,",  D(CR)  ",28,2463	,-	,-	,10	,1	,0.2	,86.8	,0.9	,-	,6.75
https://www.whoscored.com/Players/296232/Show/Faitout-Maouassa,	113,Faitout Maouassa,https://www.whoscored.com/Teams/311/Show/France-Montpellier,"Montpellier, ",25,",  D(L),M(LR)  ",23(10),1935	,5	,5	,-	,-	,1	,69.7	,0.4	,-	,6.75
https://www.whoscored.com/Players/110260/Show/Sead-Kolasinac,	114,Sead Kolasinac,https://www.whoscored.com/Teams/249/Show/France-Marseille,"Marseille, ",30,",  D(CL),DMC,M(L)  ",26(7),2219	,4	,1	,3	,-	,0.7	,86.3	,1.2	,2	,6.74
https://www.whoscored.com/Players/384887/Show/Vitinha,	115,Vitinha,https://www.whoscored.com/Teams/304/Show/France-PSG,"PSG, ",24,",  M(C)  ",29(7),2461	,2	,3	,3	,-	,0.9	,92.4	,0.1	,-	,6.74
https://www.whoscored.com/Players/113260/Show/Christopher-Jullien,	116,Christopher Jullien,https://www.whoscored.com/Teams/311/Show/France-Montpellier,"Montpellier, ",31,",  D(C)  ",30,2696	,-	,2	,5	,-	,0.6	,83.1	,2.9	,-	,6.74
https://www.whoscored.com/Players/296342/Show/Sa%C3%AEf-Eddine-Khaoui,	117,Saîf-Eddine Khaoui,https://www.whoscored.com/Teams/941/Show/France-Clermont-Foot,"Clermont Foot, ",29,",  AM(CR)  ",23(11),2036	,7	,3	,4	,-	,1.4	,73.1	,0.4	,2	,6.74
https://www.whoscored.com/Players/398398/Show/J%C3%A9r%C3%A9my-Le-Douaron,	118,Jérémy Le Douaron,https://www.whoscored.com/Teams/2332/Show/France-Brest,"Brest, ",26,",  AM(L),FW  ",24(8),2080	,10	,3	,1	,-	,1.7	,73	,1.9	,2	,6.73
https://www.whoscored.com/Players/415172/Show/Castello-Lukeba,	119,Castello Lukeba,https://www.whoscored.com/Teams/228/Show/France-Lyon,"Lyon, ",21,",  D(C)  ",33(1),2986	,2	,-	,7	,1	,0.4	,90.4	,1.1	,-	,6.73
https://www.whoscored.com/Players/345396/Show/Mama-Bald%C3%A9,	120,Mama Baldé,https://www.whoscored.com/Teams/229/Show/France-Troyes,"Troyes, ",28,",  D(R),M(CLR),FW  ",30(4),2672	,12	,3	,4	,2	,2.2	,68.1	,1.3	,3	,6.73
https://www.whoscored.com/Players/402749/Show/Gideon-Mensah,	121,Gideon Mensah,https://www.whoscored.com/Teams/308/Show/France-Auxerre,"Auxerre, ",25,",  D(L),M(L)  ",26,2263	,-	,-	,5	,-	,0.2	,79.6	,0.8	,2	,6.73
https://www.whoscored.com/Players/361284/Show/Sofiane-Diop,	122,Sofiane Diop,https://www.whoscored.com/Teams/613/Show/France-Nice,"Nice, ",23,",  AM(CLR)  ",14(8),1231	,1	,4	,1	,-	,1.3	,82.5	,0.5	,1	,6.73
https://www.whoscored.com/Players/141845/Show/Jubal,	123,Jubal,https://www.whoscored.com/Teams/308/Show/France-Auxerre,"Auxerre, ",30,",  D(C)  ",35(2),3216	,3	,1	,7	,-	,0.5	,81.9	,2.1	,2	,6.73
https://www.whoscored.com/Players/362788/Show/Leonardo-Balerdi,	124,Leonardo Balerdi,https://www.whoscored.com/Teams/249/Show/France-Marseille,"Marseille, ",25,",  D(C)  ",30(5),2643	,-	,1	,9	,1	,0.3	,84.1	,2	,-	,6.73
https://www.whoscored.com/Players/411087/Show/Quentin-Merlin,	125,Quentin Merlin,https://www.whoscored.com/Teams/302/Show/France-Nantes,"Nantes, ",21,",  D(L),M(L)  ",22(2),1803	,1	,2	,2	,-	,0.6	,77.9	,0.7	,1	,6.73
https://www.whoscored.com/Players/454467/Show/Badredine-Bouanani,	126,Badredine Bouanani,https://www.whoscored.com/Teams/613/Show/France-Nice,"Nice, ",19,",  AM(R)  ",9(10),861	,-	,4	,-	,-	,1.3	,83.3	,0.1	,-	,6.72
https://www.whoscored.com/Players/369887/Show/Lovro-Majer,	127,Lovro Majer,https://www.whoscored.com/Teams/313/Show/France-Rennes,"Rennes, ",26,",  AM(CR)  ",18(14),1670	,2	,5	,3	,-	,1.1	,82.1	,0.2	,1	,6.72
https://www.whoscored.com/Players/122346/Show/Laurent-Abergel,	128,Laurent Abergel,https://www.whoscored.com/Teams/146/Show/France-Lorient,"Lorient, ",31,",  DMC  ",28(1),2351	,-	,1	,5	,1	,0.4	,88.7	,0.3	,-	,6.72
https://www.whoscored.com/Players/416148/Show/Deiver-Machado,	129,Deiver Machado,https://www.whoscored.com/Teams/309/Show/France-Lens,"Lens, ",30,",  M(L)  ",26(7),2206	,4	,3	,5	,1	,0.5	,85.7	,0.5	,2	,6.72
https://www.whoscored.com/Players/101949/Show/Marquinhos,	130,Marquinhos,https://www.whoscored.com/Teams/304/Show/France-PSG,"PSG, ",29,",  D(CR),DMC  ",30(3),2718	,2	,-	,4	,-	,0.5	,95.4	,1.1	,-	,6.72
https://www.whoscored.com/Players/433183/Show/D%C3%A9sir%C3%A9-Dou%C3%A9,	131,Désiré Doué,https://www.whoscored.com/Teams/313/Show/France-Rennes,"Rennes, ",18,",  AM(CLR)  ",11(15),1116	,3	,1	,5	,-	,0.8	,81.2	,0.4	,1	,6.71
https://www.whoscored.com/Players/338497/Show/Angel-Gomes,	132,Angel Gomes,https://www.whoscored.com/Teams/607/Show/France-Lille,"Lille, ",23,",  M(CL),FW  ",34(2),2836	,2	,6	,9	,-	,1.6	,87.9	,0.3	,1	,6.71
https://www.whoscored.com/Players/399961/Show/Arthur-Theate,	133,Arthur Theate,https://www.whoscored.com/Teams/313/Show/France-Rennes,"Rennes, ",23,",  D(CL)  ",35,3129	,4	,-	,5	,-	,0.9	,89.6	,2	,1	,6.71
https://www.whoscored.com/Players/118123/Show/Andr%C3%A9-Gomes,	134,André Gomes,https://www.whoscored.com/Teams/607/Show/France-Lille,"Lille, ",30,",  M(CLR)  ",18(8),1628	,3	,2	,6	,-	,0.7	,89.2	,0.7	,1	,6.71
https://www.whoscored.com/Players/29545/Show/Steve-Mandanda,	135,Steve Mandanda,https://www.whoscored.com/Teams/313/Show/France-Rennes,"Rennes, ",39,",  GK  ",34,3016	,-	,1	,1	,-	,-	,71.9	,0.2	,2	,6.70
https://www.whoscored.com/Players/83824/Show/Marco-Bizot,	136,Marco Bizot,https://www.whoscored.com/Teams/2332/Show/France-Brest,"Brest, ",33,",  GK  ",37,3330	,-	,-	,4	,-	,-	,68.2	,0.1	,3	,6.70
https://www.whoscored.com/Players/373340/Show/Zakaria-Aboukhlal,	137,Zakaria Aboukhlal,https://www.whoscored.com/Teams/246/Show/France-Toulouse,"Toulouse, ",24,",  AM(LR)  ",28(9),2480	,10	,5	,4	,-	,2.2	,76.7	,0.3	,3	,6.70
https://www.whoscored.com/Players/444725/Show/Far%C3%A8s-Cha%C3%AFbi,	138,Farès Chaïbi,https://www.whoscored.com/Teams/246/Show/France-Toulouse,"Toulouse, ",21,",  AM(CL),FW  ",24(12),2345	,5	,5	,2	,-	,1.8	,76.5	,0.9	,-	,6.70
https://www.whoscored.com/Players/239806/Show/Jean-Charles-Castelletto,	139,Jean-Charles Castelletto,https://www.whoscored.com/Teams/302/Show/France-Nantes,"Nantes, ",29,",  D(CR)  ",30(2),2569	,-	,-	,3	,-	,0.3	,82.8	,2.4	,-	,6.69
https://www.whoscored.com/Players/26820/Show/Aaron-Ramsey,	140,Aaron Ramsey,https://www.whoscored.com/Teams/613/Show/France-Nice,"Nice, ",33,",  M(CLR)  ",18(9),1588	,1	,1	,3	,-	,0.8	,87.8	,0.2	,1	,6.69
https://www.whoscored.com/Players/367181/Show/Tiago-Djal%C3%B3,	141,Tiago Djaló,https://www.whoscored.com/Teams/607/Show/France-Lille,"Lille, ",24,",  D(CLR)  ",24(1),2022	,2	,-	,7	,-	,0.6	,93.1	,1.1	,1	,6.69
https://www.whoscored.com/Players/444788/Show/G%C3%A9d%C3%A9on-Kalulu,	142,Gédéon Kalulu,https://www.whoscored.com/Teams/146/Show/France-Lorient,"Lorient, ",26,",  D(R),M(R)  ",28(1),2442	,-	,4	,6	,-	,0.3	,82	,1	,1	,6.69
https://www.whoscored.com/Players/342550/Show/Nuno-da-Costa,	143,Nuno da Costa,https://www.whoscored.com/Teams/308/Show/France-Auxerre,"Auxerre, ",33,",  AM(CLR),FW  ",23(10),2017	,5	,4	,3	,1	,1.2	,69.9	,1.4	,3	,6.69
https://www.whoscored.com/Players/71833/Show/Anthony-Lopes,	144,Anthony Lopes,https://www.whoscored.com/Teams/228/Show/France-Lyon,"Lyon, ",33,",  GK  ",32,2817	,-	,-	,2	,1	,-	,74.3	,0.1	,-	,6.69
https://www.whoscored.com/Players/260770/Show/Alexander-N%C3%BCbel,	145,Alexander Nübel,https://www.whoscored.com/Teams/248/Show/France-Monaco,"Monaco, ",27,",  GK  ",38,3420	,-	,-	,2	,-	,-	,69.4	,0.2	,1	,6.68
https://www.whoscored.com/Players/380645/Show/Joris-Chotard,	146,Joris Chotard,https://www.whoscored.com/Teams/311/Show/France-Montpellier,"Montpellier, ",22,",  DMC  ",26(9),2461	,-	,6	,4	,-	,0.3	,81.3	,0.4	,1	,6.67
https://www.whoscored.com/Players/84899/Show/Nicolas-Pallois,	147,Nicolas Pallois,https://www.whoscored.com/Teams/302/Show/France-Nantes,"Nantes, ",36,",  D(C)  ",26,2217	,1	,-	,2	,1	,0.3	,83.8	,1.3	,1	,6.67
https://www.whoscored.com/Players/14058/Show/Dimitri-Payet,	148,Dimitri Payet,https://www.whoscored.com/Teams/249/Show/France-Marseille,"Marseille, ",37,",  M(CLR),FW  ",9(15),828	,4	,3	,-	,-	,1.2	,80.3	,0.2	,2	,6.67
https://www.whoscored.com/Players/366875/Show/Bafod%C3%A9-Diakit%C3%A9,	149,Bafodé Diakité,https://www.whoscored.com/Teams/607/Show/France-Lille,"Lille, ",23,",  D(CR)  ",29(4),2656	,3	,-	,6	,-	,0.6	,89.8	,1.2	,1	,6.66
https://www.whoscored.com/Players/398931/Show/Lilian-Brassier,	150,Lilian Brassier,https://www.whoscored.com/Teams/2332/Show/France-Brest,"Brest, ",24,",  D(CL)  ",35(1),3094	,-	,-	,5	,-	,0.6	,78.2	,1.7	,-	,6.66
https://www.whoscored.com/Players/416149/Show/Anthony-Rouault,	151,Anthony Rouault,https://www.whoscored.com/Teams/246/Show/France-Toulouse,"Toulouse, ",22,",  D(C)  ",37,3316	,2	,-	,2	,1	,0.5	,87.5	,2.4	,2	,6.65
https://www.whoscored.com/Players/399708/Show/Maximiliano-Caufriez,	152,Maximiliano Caufriez,https://www.whoscored.com/Teams/941/Show/France-Clermont-Foot,"Clermont Foot, ",27,",  D(CR)  ",25(1),2224	,1	,-	,8	,1	,0.5	,88.7	,0.8	,1	,6.65
https://www.whoscored.com/Players/236523/Show/Maxime-Le-Marchand,	153,Maxime Le Marchand,https://www.whoscored.com/Teams/148/Show/France-Strasbourg,"Strasbourg, ",34,",  D(CL)  ",23(3),2018	,-	,-	,4	,1	,0.3	,79.9	,2.3	,-	,6.65
https://www.whoscored.com/Players/276898/Show/Grejohn-Kyei,	154,Grejohn Kyei,https://www.whoscored.com/Teams/941/Show/France-Clermont-Foot,"Clermont Foot, ",28,",  FW  ",26(11),2244	,10	,3	,3	,-	,1.6	,72.4	,1.3	,5	,6.65
https://www.whoscored.com/Players/379687/Show/Thijs-Dallinga,	155,Thijs Dallinga,https://www.whoscored.com/Teams/246/Show/France-Toulouse,"Toulouse, ",23,",  FW  ",28(8),2363	,12	,1	,4	,-	,1.7	,65	,1.6	,1	,6.65
https://www.whoscored.com/Players/295456/Show/Ruslan-Malinovskyi,	156,Ruslan Malinovskyi,https://www.whoscored.com/Teams/249/Show/France-Marseille,"Marseille, ",30,",  M(CLR),FW  ",13(7),1232	,1	,1	,4	,-	,1.8	,79.8	,0.8	,-	,6.65
https://www.whoscored.com/Players/432173/Show/Isma%C3%ABl-Doukour%C3%A9,	157,Ismaël Doukouré,https://www.whoscored.com/Teams/148/Show/France-Strasbourg,"Strasbourg, ",20,",  D(C),DMC  ",25(3),2301	,1	,1	,5	,-	,0.3	,83.2	,1.1	,-	,6.65
https://www.whoscored.com/Players/409837/Show/Mostafa-Mohamed,	158,Mostafa Mohamed,https://www.whoscored.com/Teams/302/Show/France-Nantes,"Nantes, ",26,",  FW  ",18(18),1936	,8	,2	,1	,-	,1.6	,62.6	,2.1	,1	,6.64
https://www.whoscored.com/Players/294502/Show/Julien-Laporte,	159,Julien Laporte,https://www.whoscored.com/Teams/146/Show/France-Lorient,"Lorient, ",30,",  D(C)  ",19(1),1656	,-	,-	,1	,-	,0.3	,85.4	,1.6	,-	,6.64
https://www.whoscored.com/Players/444598/Show/Eliesse-Ben-Seghir,	160,Eliesse Ben Seghir,https://www.whoscored.com/Teams/248/Show/France-Monaco,"Monaco, ",19,",  FW  ",13(6),1060	,4	,1	,1	,-	,1.1	,79.6	,0.5	,1	,6.64
https://www.whoscored.com/Players/82350/Show/Vincent-Le-Goff,	161,Vincent Le Goff,https://www.whoscored.com/Teams/146/Show/France-Lorient,"Lorient, ",34,",  D(CL),M(L)  ",37,3330	,-	,-	,1	,-	,0.5	,83.9	,0.8	,-	,6.63
https://www.whoscored.com/Players/349960/Show/Mahdi-Camara,	162,Mahdi Camara,https://www.whoscored.com/Teams/2332/Show/France-Brest,"Brest, ",25,",  D(CR),M(C)  ",20(11),1825	,2	,-	,4	,1	,0.8	,84.2	,0.6	,-	,6.63
https://www.whoscored.com/Players/328983/Show/Matt%C3%A9o-Guendouzi,	163,Mattéo Guendouzi,https://www.whoscored.com/Teams/249/Show/France-Marseille,"Marseille, ",25,",  M(C)  ",25(8),2113	,2	,4	,3	,-	,0.8	,87.9	,0.7	,-	,6.63
https://www.whoscored.com/Players/239879/Show/Hamza-Sakhi,	164,Hamza Sakhi,https://www.whoscored.com/Teams/308/Show/France-Auxerre,"Auxerre, ",27,",  AM(C)  ",18(9),1660	,1	,2	,1	,-	,1.1	,86.4	,0.2	,2	,6.63
https://www.whoscored.com/Players/398299/Show/Lucas-Chevalier,	165,Lucas Chevalier,https://www.whoscored.com/Teams/607/Show/France-Lille,"Lille, ",22,",  GK  ",32,2880	,-	,-	,1	,-	,-	,74.2	,0.1	,-	,6.63
https://www.whoscored.com/Players/296241/Show/Flavien-Tait,	166,Flavien Tait,https://www.whoscored.com/Teams/313/Show/France-Rennes,"Rennes, ",31,",  M(CLR)  ",19(11),1685	,2	,2	,2	,-	,0.8	,86.5	,0.2	,1	,6.62
https://www.whoscored.com/Players/384005/Show/Arnaud-Kalimuendo,	167,Arnaud Kalimuendo,https://www.whoscored.com/Teams/313/Show/France-Rennes,"Rennes, ",22,",  FW  ",24(6),1862	,7	,3	,-	,-	,1.4	,84.4	,0.4	,1	,6.62
https://www.whoscored.com/Players/236556/Show/Xavier-Chavalerin,	168,Xavier Chavalerin,https://www.whoscored.com/Teams/229/Show/France-Troyes,"Troyes, ",33,",  DMC,M(L)  ",25(9),2422	,4	,2	,3	,-	,0.8	,83.7	,0.5	,-	,6.62
https://www.whoscored.com/Players/78386/Show/Matz-Sels,	169,Matz Sels,https://www.whoscored.com/Teams/148/Show/France-Strasbourg,"Strasbourg, ",32,",  GK  ",38,3420	,-	,-	,2	,-	,-	,60.1	,0.2	,2	,6.61
https://www.whoscored.com/Players/71381/Show/Wahbi-Khazri,	170,Wahbi Khazri,https://www.whoscored.com/Teams/311/Show/France-Montpellier,"Montpellier, ",33,",  M(CLR),FW  ",20(7),1644	,4	,1	,5	,1	,1.4	,74.8	,0.7	,-	,6.61
https://www.whoscored.com/Players/444816/Show/Isaak-Tour%C3%A9,	171,Isaak Touré,https://www.whoscored.com/Teams/308/Show/France-Auxerre,"Auxerre, ",21,",  D(C)  ",18(1),1591	,1	,-	,3	,1	,0.4	,87.5	,1.3	,1	,6.61
https://www.whoscored.com/Players/404108/Show/Jens-Cajuste,	172,Jens Cajuste,https://www.whoscored.com/Teams/950/Show/France-Reims,"Reims, ",24,",  DMC  ",14(17),1529	,3	,1	,7	,1	,0.9	,82.8	,0.4	,-	,6.61
https://www.whoscored.com/Players/117776/Show/Thiago-Mendes,	173,Thiago Mendes,https://www.whoscored.com/Teams/228/Show/France-Lyon,"Lyon, ",32,",  D(CR),M(CR)  ",22(9),2065	,1	,1	,3	,-	,0.5	,87	,1.1	,-	,6.61
https://www.whoscored.com/Players/455521/Show/Sa%C3%ABl-Kumbedi,	174,Saël Kumbedi,https://www.whoscored.com/Teams/228/Show/France-Lyon,"Lyon, ",19,",  D(R),M(R)  ",14(6),1317	,-	,2	,8	,-	,0.5	,83.6	,0.4	,-	,6.61
https://www.whoscored.com/Players/247992/Show/Mateusz-Wieteska,	175,Mateusz Wieteska,https://www.whoscored.com/Teams/941/Show/France-Clermont-Foot,"Clermont Foot, ",27,",  D(C)  ",35,3120	,-	,1	,7	,1	,0.5	,82.8	,2.2	,1	,6.61
https://www.whoscored.com/Players/115882/Show/Thomas-Foket,	176,Thomas Foket,https://www.whoscored.com/Teams/950/Show/France-Reims,"Reims, ",29,",  D(CLR),M(R)  ",23(1),1983	,-	,1	,-	,-	,0.1	,82.9	,0.5	,-	,6.61
https://www.whoscored.com/Players/106894/Show/Juan-Bernat,	177,Juan Bernat,https://www.whoscored.com/Teams/304/Show/France-PSG,"PSG, ",31,",  D(L),M(CL)  ",18(10),1648	,1	,4	,1	,-	,0.3	,93.3	,0.2	,-	,6.61
https://www.whoscored.com/Players/234371/Show/Gauthier-Gallon,	178,Gauthier Gallon,https://www.whoscored.com/Teams/229/Show/France-Troyes,"Troyes, ",31,",  GK  ",30,2668	,-	,-	,3	,1	,-	,61.1	,0.5	,1	,6.60
https://www.whoscored.com/Players/328433/Show/Thibault-De-Smet,	179,Thibault De Smet,https://www.whoscored.com/Teams/950/Show/France-Reims,"Reims, ",25,",  D(L),M(L)  ",20(2),1762	,-	,1	,2	,-	,-	,79	,1.4	,-	,6.60
https://www.whoscored.com/Players/19453/Show/Kevin-Gameiro,	180,Kevin Gameiro,https://www.whoscored.com/Teams/148/Show/France-Strasbourg,"Strasbourg, ",36,",  AM(C),FW  ",23(11),2103	,10	,-	,-	,1	,1.4	,80.4	,0.4	,1	,6.60
https://www.whoscored.com/Players/103542/Show/Yvon-Mvogo,	181,Yvon Mvogo,https://www.whoscored.com/Teams/146/Show/France-Lorient,"Lorient, ",29,",  GK  ",21,1813	,-	,-	,-	,-	,-	,71.5	,0.2	,-	,6.59
https://www.whoscored.com/Players/405113/Show/Jackson-Porozo,	182,Jackson Porozo,https://www.whoscored.com/Teams/229/Show/France-Troyes,"Troyes, ",23,",  D(C)  ",17(5),1616	,2	,-	,3	,-	,1	,81.6	,2.1	,1	,6.59
https://www.whoscored.com/Players/422818/Show/Habib-Diarra,	183,Habib Diarra,https://www.whoscored.com/Teams/148/Show/France-Strasbourg,"Strasbourg, ",20,",  AM(CLR)  ",18(11),1628	,3	,2	,4	,-	,0.8	,80.6	,0.4	,1	,6.59
https://www.whoscored.com/Players/115531/Show/Birama-Tour%C3%A9,	184,Birama Touré,https://www.whoscored.com/Teams/308/Show/France-Auxerre,"Auxerre, ",31,",  DMC  ",38,3405	,2	,-	,3	,-	,0.7	,81.1	,1.5	,-	,6.59
https://www.whoscored.com/Players/375340/Show/Lucas-Perrin,	185,Lucas Perrin,https://www.whoscored.com/Teams/148/Show/France-Strasbourg,"Strasbourg, ",25,",  D(C)  ",18(8),1763	,-	,1	,4	,-	,0.3	,82.2	,1.4	,-	,6.59
https://www.whoscored.com/Players/403784/Show/Hugo-Ekitike,	186,Hugo Ekitike,https://www.whoscored.com/Teams/304/Show/France-PSG,"PSG, ",21,",  FW  ",12(13),1155	,3	,4	,-	,-	,1.4	,82.6	,0.3	,-	,6.59
https://www.whoscored.com/Players/19859/Show/Jos%C3%A9-Fonte,	187,José Fonte,https://www.whoscored.com/Teams/607/Show/France-Lille,"Lille, ",40,",  D(C)  ",30(1),2593	,1	,-	,7	,-	,0.5	,90.3	,2	,1	,6.58
https://www.whoscored.com/Players/323791/Show/Yan-Valery,	188,Yan Valery,https://www.whoscored.com/Teams/614/Show/France-Angers,"Angers, ",25,",  D(CR),M(R)  ",30,2504	,-	,-	,3	,-	,0.4	,78.2	,1.2	,-	,6.57
https://www.whoscored.com/Players/84477/Show/Elbasan-Rashani,	189,Elbasan Rashani,https://www.whoscored.com/Teams/941/Show/France-Clermont-Foot,"Clermont Foot, ",30,",  AM(CLR)  ",26(6),2173	,3	,3	,3	,-	,1.1	,80.3	,0.5	,1	,6.57
https://www.whoscored.com/Players/399955/Show/Issa-Kabor%C3%A9,	190,Issa Kaboré,https://www.whoscored.com/Teams/249/Show/France-Marseille,"Marseille, ",22,",  D(R),M(R)  ",9(13),1022	,1	,-	,1	,-	,0.4	,81.6	,0.1	,-	,6.57
https://www.whoscored.com/Players/344645/Show/Ignatius-Ganago,	191,Ignatius Ganago,https://www.whoscored.com/Teams/302/Show/France-Nantes,"Nantes, ",25,",  AM(LR),FW  ",16(12),1520	,5	,3	,-	,-	,1.2	,64.8	,2.2	,-	,6.56
https://www.whoscored.com/Players/444512/Show/Mouna%C3%AFm-El-Idrissy,	192,Mounaïm El Idrissy,https://www.whoscored.com/Teams/610/Show/France-AC-Ajaccio,"AC Ajaccio, ",25,",  FW  ",30(2),2509	,6	,-	,10	,-	,1.6	,69	,3.7	,2	,6.56
https://www.whoscored.com/Players/327905/Show/Alexis-Claude-Maurice,	193,Alexis Claude-Maurice,https://www.whoscored.com/Teams/309/Show/France-Lens,"Lens, ",25,",  AM(CL)  ",5(15),597	,5	,3	,-	,-	,0.7	,86.2	,0.2	,1	,6.56
https://www.whoscored.com/Players/83197/Show/Mathias-Autret,	194,Mathias Autret,https://www.whoscored.com/Teams/308/Show/France-Auxerre,"Auxerre, ",33,",  M(CLR)  ",16(7),1302	,2	,2	,-	,-	,1	,81.1	,0.2	,-	,6.56
https://www.whoscored.com/Players/426340/Show/Muhammed-Cham,	195,Muhammed Cham,https://www.whoscored.com/Teams/941/Show/France-Clermont-Foot,"Clermont Foot, ",23,",  AM(C),FW  ",23(15),1976	,7	,4	,2	,-	,1.4	,83.1	,0.2	,1	,6.55
https://www.whoscored.com/Players/95422/Show/Jordan-Ferri,	196,Jordan Ferri,https://www.whoscored.com/Teams/311/Show/France-Montpellier,"Montpellier, ",32,",  M(C)  ",32(2),2749	,1	,2	,5	,1	,0.4	,86.5	,0.5	,1	,6.55
https://www.whoscored.com/Players/232582/Show/Renaud-Ripart,	197,Renaud Ripart,https://www.whoscored.com/Teams/229/Show/France-Troyes,"Troyes, ",31,",  D(R),M(CLR),FW  ",15(11),1319	,4	,1	,4	,-	,1.5	,70	,2.2	,-	,6.55
https://www.whoscored.com/Players/202185/Show/Moses-Simon,	198,Moses Simon,https://www.whoscored.com/Teams/302/Show/France-Nantes,"Nantes, ",28,",  M(CLR),FW  ",28(6),2359	,5	,4	,3	,-	,1	,73.9	,0.3	,1	,6.55
https://www.whoscored.com/Players/79560/Show/Maxime-Gonalons,	199,Maxime Gonalons,https://www.whoscored.com/Teams/941/Show/France-Clermont-Foot,"Clermont Foot, ",35,",  D(C),M(C)  ",19(6),1457	,1	,-	,3	,-	,0.2	,88.6	,0.6	,1	,6.55
https://www.whoscored.com/Players/374992/Show/Jean-K%C3%A9vin-Duverne,	200,Jean-Kévin Duverne,https://www.whoscored.com/Teams/2332/Show/France-Brest,"Brest, ",26,",  D(CLR)  ",27(7),2514	,-	,-	,2	,-	,0.1	,73.9	,1	,-	,6.54
https://www.whoscored.com/Players/92547/Show/Ross-Barkley,	201,Ross Barkley,https://www.whoscored.com/Teams/613/Show/France-Nice,"Nice, ",30,",  M(CLR)  ",9(18),923	,4	,2	,1	,-	,1.4	,83.6	,0.1	,-	,6.54
https://www.whoscored.com/Players/318750/Show/Stephy-Mavididi,	202,Stephy Mavididi,https://www.whoscored.com/Teams/311/Show/France-Montpellier,"Montpellier, ",25,",  AM(LR),FW  ",14(12),1285	,4	,2	,1	,1	,1.4	,75.3	,0.4	,-	,6.54
https://www.whoscored.com/Players/400193/Show/David-Pereira-da-Costa,	203,David Pereira da Costa,https://www.whoscored.com/Teams/309/Show/France-Lens,"Lens, ",23,",  AM(CL)  ",16(15),1410	,1	,3	,2	,-	,0.8	,86	,0.1	,-	,6.53
https://www.whoscored.com/Players/414233/Show/Maxime-Esteve,	204,Maxime Esteve,https://www.whoscored.com/Teams/311/Show/France-Montpellier,"Montpellier, ",21,",  D(C)  ",18(5),1645	,-	,-	,3	,-	,0.3	,81.7	,1.3	,2	,6.53
https://www.whoscored.com/Players/353991/Show/Timothy-Weah,	205,Timothy Weah,https://www.whoscored.com/Teams/607/Show/France-Lille,"Lille, ",24,",  D(LR),M(LR),FW  ",18(11),1748	,-	,2	,2	,-	,1	,85.1	,0.4	,-	,6.53
https://www.whoscored.com/Players/34068/Show/Mohamed-Youssouf,	206,Mohamed Youssouf,https://www.whoscored.com/Teams/610/Show/France-AC-Ajaccio,"AC Ajaccio, ",36,",  D(R)  ",27(3),2457	,-	,-	,5	,1	,0.2	,73.5	,1.6	,1	,6.53
https://www.whoscored.com/Players/367743/Show/Noah-Fadiga,	207,Noah Fadiga,https://www.whoscored.com/Teams/2332/Show/France-Brest,"Brest, ",24,",  D(R),M(R)  ",16(5),1312	,1	,-	,2	,-	,0.5	,79.9	,0.4	,1	,6.52
https://www.whoscored.com/Players/280988/Show/Falaye-Sacko,	208,Falaye Sacko,https://www.whoscored.com/Teams/311/Show/France-Montpellier,"Montpellier, ",29,",  D(CLR),M(R)  ",29(6),2580	,1	,3	,3	,-	,0.2	,81.5	,0.5	,-	,6.52
https://www.whoscored.com/Players/137720/Show/Dimitri-Li%C3%A9nard,	209,Dimitri Liénard,https://www.whoscored.com/Teams/148/Show/France-Strasbourg,"Strasbourg, ",36,",  D(L),M(CL)  ",18(10),1546	,-	,-	,4	,-	,0.5	,78.5	,0.7	,-	,6.52
https://www.whoscored.com/Players/114169/Show/Florent-Mollet,	210,Florent Mollet,https://www.whoscored.com/Teams/302/Show/France-Nantes,"Nantes, ",32,",  AM(CLR)  ",11(8),1090	,1	,2	,3	,-	,1.2	,87.3	,0.5	,-	,6.52
https://www.whoscored.com/Players/297409/Show/Pedro-Chirivella,	211,Pedro Chirivella,https://www.whoscored.com/Teams/302/Show/France-Nantes,"Nantes, ",26,",  DMC  ",25(1),2042	,-	,1	,1	,-	,0.6	,86.6	,0.3	,-	,6.52
https://www.whoscored.com/Players/236489/Show/Akim-Zedadka,	212,Akim Zedadka,https://www.whoscored.com/Teams/308/Show/France-Auxerre,"Auxerre, ",28,",  D(R),M(R)  ",19(1),1603	,-	,-	,5	,-	,0.5	,78.9	,1.2	,-	,6.51
https://www.whoscored.com/Players/296345/Show/Rayan-Raveloson,	213,Rayan Raveloson,https://www.whoscored.com/Teams/308/Show/France-Auxerre,"Auxerre, ",27,",  D(CR),DMC  ",27(7),2427	,2	,1	,-	,-	,0.9	,83.4	,0.9	,1	,6.51
https://www.whoscored.com/Players/427362/Show/Kamory-Doumbia,	214,Kamory Doumbia,https://www.whoscored.com/Teams/950/Show/France-Reims,"Reims, ",21,",  AM(C)  ",13(13),1158	,2	,2	,-	,-	,1	,81.9	,0.3	,-	,6.50
https://www.whoscored.com/Players/236553/Show/Haris-Belkebla,	215,Haris Belkebla,https://www.whoscored.com/Teams/2332/Show/France-Brest,"Brest, ",30,",  DMC  ",30(8),2658	,2	,-	,3	,-	,0.3	,85.5	,0.5	,-	,6.50
https://www.whoscored.com/Players/382587/Show/Evann-Guessand,	216,Evann Guessand,https://www.whoscored.com/Teams/302/Show/France-Nantes,"Nantes, ",22,",  AM(R),FW  ",15(15),1257	,3	,2	,2	,-	,0.7	,71	,0.9	,1	,6.50
https://www.whoscored.com/Players/296457/Show/Brecht-Dejaegere,	217,Brecht Dejaegere,https://www.whoscored.com/Teams/246/Show/France-Toulouse,"Toulouse, ",32,",  AM(CL)  ",25(5),1827	,4	,1	,5	,-	,0.8	,81	,0.3	,-	,6.50
https://www.whoscored.com/Players/392388/Show/Jean-Onana,	218,Jean Onana,https://www.whoscored.com/Teams/309/Show/France-Lens,"Lens, ",24,",  DMC  ",9(12),807	,-	,-	,3	,-	,0.4	,87	,0.4	,-	,6.50
https://www.whoscored.com/Players/429038/Show/Yohann-Magnin,	219,Yohann Magnin,https://www.whoscored.com/Teams/941/Show/France-Clermont-Foot,"Clermont Foot, ",26,",  M(C)  ",25(13),2393	,-	,-	,6	,-	,0.4	,84.9	,0.7	,-	,6.49
https://www.whoscored.com/Players/444509/Show/Johann-Lepenant,	220,Johann Lepenant,https://www.whoscored.com/Teams/228/Show/France-Lyon,"Lyon, ",21,",  DMC  ",21(10),1935	,1	,2	,4	,-	,0.6	,89.9	,0.5	,-	,6.49
https://www.whoscored.com/Players/239895/Show/Micka%C3%ABl-Barreto,	221,Mickaël Barreto,https://www.whoscored.com/Teams/610/Show/France-AC-Ajaccio,"AC Ajaccio, ",33,",  M(C)  ",15(5),1328	,1	,1	,1	,-	,1	,74.6	,0.5	,-	,6.49
https://www.whoscored.com/Players/289331/Show/Vincent-Marchetti,	222,Vincent Marchetti,https://www.whoscored.com/Teams/610/Show/France-AC-Ajaccio,"AC Ajaccio, ",26,",  M(C)  ",29(2),2463	,-	,2	,7	,-	,1.2	,80	,0.2	,-	,6.49
https://www.whoscored.com/Players/404616/Show/Lesley-Ugochukwu,	223,Lesley Ugochukwu,https://www.whoscored.com/Teams/313/Show/France-Rennes,"Rennes, ",20,",  DMC  ",14(12),1330	,-	,1	,3	,1	,0.2	,87.6	,0.6	,-	,6.48
https://www.whoscored.com/Players/423962/Show/Th%C3%A9o-Le-Bris,	224,Théo Le Bris,https://www.whoscored.com/Teams/146/Show/France-Lorient,"Lorient, ",21,",  M(L)  ",15(12),1451	,2	,2	,-	,-	,0.4	,81.8	,0.4	,-	,6.48
https://www.whoscored.com/Players/107891/Show/Sanjin-Prcic,	225,Sanjin Prcic,https://www.whoscored.com/Teams/148/Show/France-Strasbourg,"Strasbourg, ",30,",  M(C)  ",17(12),1633	,1	,1	,3	,1	,1	,86.1	,0.6	,-	,6.48
https://www.whoscored.com/Players/94892/Show/Massadio-Ha%C3%AFdara,	226,Massadio Haïdara,https://www.whoscored.com/Teams/309/Show/France-Lens,"Lens, ",31,",  D(CL),M(L)  ",17(19),1657	,-	,1	,5	,-	,0.4	,87.1	,1.1	,-	,6.47
https://www.whoscored.com/Players/301326/Show/Gaetan-Perrin,	227,Gaetan Perrin,https://www.whoscored.com/Teams/308/Show/France-Auxerre,"Auxerre, ",27,",  AM(CL)  ",15(22),1388	,3	,1	,1	,-	,0.7	,75.7	,0.4	,1	,6.47
https://www.whoscored.com/Players/367812/Show/Abdu-Cont%C3%A9,	228,Abdu Conté,https://www.whoscored.com/Teams/229/Show/France-Troyes,"Troyes, ",26,",  D(CL),M(L)  ",15(4),1317	,1	,2	,1	,-	,0.2	,79.8	,0.8	,-	,6.46
https://www.whoscored.com/Players/354297/Show/Ibrahima-Kon%C3%A9,	229,Ibrahima Koné,https://www.whoscored.com/Teams/146/Show/France-Lorient,"Lorient, ",24,",  FW  ",15(22),1569	,7	,1	,3	,-	,0.8	,66.9	,1.5	,-	,6.46
https://www.whoscored.com/Players/313542/Show/Carlos-Soler,	230,Carlos Soler,https://www.whoscored.com/Teams/304/Show/France-PSG,"PSG, ",27,",  M(CLR)  ",14(12),1188	,3	,2	,-	,-	,0.4	,87.4	,-	,1	,6.46
https://www.whoscored.com/Players/330614/Show/Hugo-Magnetti,	231,Hugo Magnetti,https://www.whoscored.com/Teams/2332/Show/France-Brest,"Brest, ",25,",  DMC  ",19(13),1688	,1	,2	,2	,-	,0.5	,84.8	,0.2	,-	,6.46
https://www.whoscored.com/Players/398392/Show/St%C3%A9phane-Diarra,	232,Stéphane Diarra,https://www.whoscored.com/Teams/146/Show/France-Lorient,"Lorient, ",25,",  AM(R)  ",14(14),1070	,2	,-	,1	,-	,0.7	,75.2	,0.2	,1	,6.46
https://www.whoscored.com/Players/303314/Show/Mathias-Pereira-Lage,	233,Mathias Pereira Lage,https://www.whoscored.com/Teams/2332/Show/France-Brest,"Brest, ",27,",  M(CLR)  ",16(8),1272	,2	,1	,2	,-	,0.9	,71.3	,0.9	,-	,6.45
https://www.whoscored.com/Players/422188/Show/Jim-Allevinah,	234,Jim Allevinah,https://www.whoscored.com/Teams/941/Show/France-Clermont-Foot,"Clermont Foot, ",29,",  M(CLR)  ",25(11),2248	,1	,1	,2	,-	,0.8	,82.4	,0.3	,-	,6.45
https://www.whoscored.com/Players/129819/Show/Wesley-Sa%C3%AFd,	235,Wesley Saïd,https://www.whoscored.com/Teams/309/Show/France-Lens,"Lens, ",29,",  AM(CLR),FW  ",6(15),638	,5	,-	,2	,-	,1.3	,81.7	,0.2	,-	,6.45
https://www.whoscored.com/Players/422238/Show/L%C3%A9o-Leroy,	236,Léo Leroy,https://www.whoscored.com/Teams/311/Show/France-Montpellier,"Montpellier, ",24,",  DMC  ",14(13),1189	,-	,-	,7	,-	,0.7	,76.2	,0.9	,-	,6.45
https://www.whoscored.com/Players/386971/Show/Yasser-Larouci,	237,Yasser Larouci,https://www.whoscored.com/Teams/229/Show/France-Troyes,"Troyes, ",23,",  D(L),M(L)  ",21(9),1800	,1	,1	,1	,-	,0.3	,77	,0.7	,-	,6.45
https://www.whoscored.com/Players/361283/Show/Colin-Dagba,	238,Colin Dagba,https://www.whoscored.com/Teams/148/Show/France-Strasbourg,"Strasbourg, ",25,",  D(R),M(R)  ",12(9),960	,-	,-	,3	,-	,0.2	,85	,0.1	,-	,6.44
https://www.whoscored.com/Players/345386/Show/Gerzino-Nyamsi,	239,Gerzino Nyamsi,https://www.whoscored.com/Teams/148/Show/France-Strasbourg,"Strasbourg, ",27,",  D(C)  ",19(1),1580	,1	,1	,4	,1	,0.7	,84.5	,1.9	,1	,6.44
https://www.whoscored.com/Players/299450/Show/Renato-Sanches,	240,Renato Sanches,https://www.whoscored.com/Teams/304/Show/France-PSG,"PSG, ",26,",  M(CR)  ",6(17),705	,2	,-	,1	,-	,0.6	,91.6	,0.2	,-	,6.43
https://www.whoscored.com/Players/139111/Show/Jean-Eudes-Aholou,	241,Jean-Eudes Aholou,https://www.whoscored.com/Teams/148/Show/France-Strasbourg,"Strasbourg, ",30,",  DMC  ",16(14),1301	,3	,1	,4	,1	,0.7	,76.1	,0.9	,1	,6.43
https://www.whoscored.com/Players/248411/Show/Yoann-Salmier,	242,Yoann Salmier,https://www.whoscored.com/Teams/229/Show/France-Troyes,"Troyes, ",31,",  D(CR)  ",31(1),2652	,1	,-	,5	,1	,0.4	,83	,1.7	,-	,6.43
https://www.whoscored.com/Players/444751/Show/Wilson-Odobert,	243,Wilson Odobert,https://www.whoscored.com/Teams/229/Show/France-Troyes,"Troyes, ",19,",  AM(CLR),FW  ",19(13),1767	,4	,2	,-	,-	,0.8	,79.8	,0.2	,-	,6.43
https://www.whoscored.com/Players/412902/Show/Dion-Lopy,	244,Dion Lopy,https://www.whoscored.com/Teams/950/Show/France-Reims,"Reims, ",22,",  DMC  ",16(13),1377	,-	,1	,4	,2	,0.6	,85.5	,0.6	,-	,6.43
https://www.whoscored.com/Players/98096/Show/Miha-Blazic,	245,Miha Blazic,https://www.whoscored.com/Teams/614/Show/France-Angers,"Angers, ",30,",  D(C)  ",22(2),1980	,2	,-	,4	,-	,0.3	,87.6	,1.9	,-	,6.42
https://www.whoscored.com/Players/342571/Show/Samuel-Moutoussamy,	246,Samuel Moutoussamy,https://www.whoscored.com/Teams/302/Show/France-Nantes,"Nantes, ",27,",  M(CL)  ",27(8),2403	,-	,2	,8	,-	,0.6	,86.5	,0.6	,-	,6.42
https://www.whoscored.com/Players/26877/Show/Adil-Rami,	247,Adil Rami,https://www.whoscored.com/Teams/229/Show/France-Troyes,"Troyes, ",38,",  D(C)  ",18(2),1600	,-	,1	,2	,-	,0.5	,85.1	,1.5	,-	,6.41
https://www.whoscored.com/Players/306766/Show/Ibrahima-Sissoko,	248,Ibrahima Sissoko,https://www.whoscored.com/Teams/148/Show/France-Strasbourg,"Strasbourg, ",26,",  D(C),DMC  ",13(13),1306	,-	,2	,1	,-	,0.5	,77.5	,1.2	,-	,6.41
https://www.whoscored.com/Players/288896/Show/Paul-Bernardoni,	249,Paul Bernardoni,https://www.whoscored.com/Teams/614/Show/France-Angers,"Angers, ",27,",  GK  ",27,2430	,-	,-	,-	,-	,-	,58.3	,0.3	,1	,6.40
https://www.whoscored.com/Players/120000/Show/Julian-Jeanvier,	250,Julian Jeanvier,https://www.whoscored.com/Teams/308/Show/France-Auxerre,"Auxerre, ",32,",  D(C)  ",20(2),1763	,1	,-	,3	,1	,0.4	,83.1	,1.1	,-	,6.40
https://www.whoscored.com/Players/431346/Show/Lassine-Sinayoko,	251,Lassine Sinayoko,https://www.whoscored.com/Teams/308/Show/France-Auxerre,"Auxerre, ",24,",  AM(R),FW  ",16(17),1569	,1	,2	,-	,1	,1.3	,77.4	,0.7	,-	,6.40
https://www.whoscored.com/Players/329647/Show/Pablo-Rosario,	252,Pablo Rosario,https://www.whoscored.com/Teams/613/Show/France-Nice,"Nice, ",27,",  D(CR),DMC  ",17(14),1760	,-	,1	,6	,-	,0.3	,89.4	,0.5	,-	,6.40
https://www.whoscored.com/Players/447309/Show/Julien-Ponceau,	253,Julien Ponceau,https://www.whoscored.com/Teams/146/Show/France-Lorient,"Lorient, ",23,",  AM(C)  ",20(11),1663	,1	,4	,1	,-	,0.5	,83.7	,0.3	,-	,6.39
https://www.whoscored.com/Players/328463/Show/Souleyman-Doumbia,	254,Souleyman Doumbia,https://www.whoscored.com/Teams/614/Show/France-Angers,"Angers, ",27,",  D(L),M(L)  ",21(3),1793	,-	,-	,2	,1	,0.3	,80.5	,0.8	,-	,6.39
https://www.whoscored.com/Players/141638/Show/Cyrille-Bayala,	255,Cyrille Bayala,https://www.whoscored.com/Teams/610/Show/France-AC-Ajaccio,"AC Ajaccio, ",27,",  AM(R)  ",25(8),2017	,1	,1	,3	,1	,0.7	,64.7	,1.2	,-	,6.39
https://www.whoscored.com/Players/144285/Show/Arb%C3%ABr-Zeneli,	256,Arbër Zeneli,https://www.whoscored.com/Teams/950/Show/France-Reims,"Reims, ",29,",  AM(LR),FW  ",12(11),1003	,-	,2	,-	,-	,1.3	,76.3	,0.2	,1	,6.39
https://www.whoscored.com/Players/362801/Show/Billal-Brahimi,	257,Billal Brahimi,https://www.whoscored.com/Teams/613/Show/France-Nice,"Nice, ",24,",  AM(L),FW  ",5(21),786	,3	,2	,-	,-	,0.8	,83.2	,0.1	,1	,6.39
https://www.whoscored.com/Players/444511/Show/Oumar-Gonzalez,	258,Oumar Gonzalez,https://www.whoscored.com/Teams/610/Show/France-AC-Ajaccio,"AC Ajaccio, ",26,",  D(C)  ",29(1),2579	,-	,-	,10	,-	,0.4	,81.8	,2.1	,-	,6.39
https://www.whoscored.com/Players/29595/Show/Moussa-Sissoko,	259,Moussa Sissoko,https://www.whoscored.com/Teams/302/Show/France-Nantes,"Nantes, ",34,",  M(CR)  ",22(8),1923	,2	,-	,3	,-	,0.6	,81	,0.8	,1	,6.38
https://www.whoscored.com/Players/449866/Show/Thierno-Bald%C3%A9,	260,Thierno Baldé,https://www.whoscored.com/Teams/229/Show/France-Troyes,"Troyes, ",21,",  D(R),M(R)  ",25(6),2161	,-	,1	,1	,-	,0.2	,83.1	,0.3	,-	,6.38
https://www.whoscored.com/Players/455842/Show/Yoann-Cathline,	261,Yoann Cathline,https://www.whoscored.com/Teams/146/Show/France-Lorient,"Lorient, ",21,",  M(L)  ",11(12),1085	,1	,1	,-	,-	,1.1	,72.9	,0.1	,-	,6.38
https://www.whoscored.com/Players/404201/Show/Abdallah-Sima,	262,Abdallah Sima,https://www.whoscored.com/Teams/614/Show/France-Angers,"Angers, ",22,",  AM(LR),FW  ",19(15),1833	,5	,1	,-	,-	,1.1	,76.1	,1.3	,-	,6.38
https://www.whoscored.com/Players/320738/Show/Birger-Meling,	263,Birger Meling,https://www.whoscored.com/Teams/313/Show/France-Rennes,"Rennes, ",29,",  D(LR),DMC  ",10(17),1200	,-	,1	,3	,1	,-	,86.2	,0.5	,-	,6.37
https://www.whoscored.com/Players/129999/Show/Adrien-Hunou,	264,Adrien Hunou,https://www.whoscored.com/Teams/614/Show/France-Angers,"Angers, ",30,",  AM(CLR),FW  ",28(6),2248	,4	,1	,2	,-	,1.3	,78	,0.6	,-	,6.37
https://www.whoscored.com/Players/134905/Show/C%C3%A9dric-Hountondji,	265,Cédric Hountondji,https://www.whoscored.com/Teams/614/Show/France-Angers,"Angers, ",30,",  D(C)  ",35(1),3097	,-	,-	,7	,-	,0.3	,86.8	,1.8	,-	,6.37
https://www.whoscored.com/Players/128361/Show/Pierrick-Capelle,	266,Pierrick Capelle,https://www.whoscored.com/Teams/614/Show/France-Angers,"Angers, ",37,",  D(L),M(CLR)  ",15(11),1424	,-	,3	,8	,-	,0.6	,86.6	,0.5	,-	,6.36
https://www.whoscored.com/Players/299563/Show/Isma%C3%ABl-Diallo,	267,Ismaël Diallo,https://www.whoscored.com/Teams/610/Show/France-AC-Ajaccio,"AC Ajaccio, ",27,",  D(L)  ",25(3),2183	,-	,-	,9	,1	,0.1	,76	,0.9	,-	,6.36
https://www.whoscored.com/Players/391316/Show/Batista-Mendy,	268,Batista Mendy,https://www.whoscored.com/Teams/614/Show/France-Angers,"Angers, ",24,",  D(C),DMC  ",35,2871	,-	,-	,6	,1	,0.4	,86.7	,0.8	,-	,6.35
https://www.whoscored.com/Players/444747/Show/Amine-Salama,	269,Amine Salama,https://www.whoscored.com/Teams/614/Show/France-Angers,"Angers, ",23,",  FW  ",12(13),1245	,3	,1	,1	,-	,1	,75.9	,0.3	,-	,6.35
https://www.whoscored.com/Players/301423/Show/Mitchell-van-Bergen,	270,Mitchell van Bergen,https://www.whoscored.com/Teams/950/Show/France-Reims,"Reims, ",24,",  AM(LR),FW  ",6(22),889	,-	,1	,1	,-	,0.9	,78.7	,0.2	,-	,6.35
https://www.whoscored.com/Players/296353/Show/Micka%C3%ABl-Alphonse,	271,Mickaël Alphonse,https://www.whoscored.com/Teams/610/Show/France-AC-Ajaccio,"AC Ajaccio, ",34,",  D(LR)  ",14(12),1357	,-	,-	,2	,1	,0.4	,71.1	,1.2	,1	,6.35
https://www.whoscored.com/Players/375342/Show/Moussa-Diarra,	272,Moussa Diarra,https://www.whoscored.com/Teams/246/Show/France-Toulouse,"Toulouse, ",23,",  D(CL)  ",12(11),1222	,-	,1	,-	,-	,-	,83.9	,0.7	,-	,6.35
https://www.whoscored.com/Players/361693/Show/Denis-Genreau,	273,Denis Genreau,https://www.whoscored.com/Teams/246/Show/France-Toulouse,"Toulouse, ",24,",  AM(C)  ",7(13),654	,-	,1	,3	,-	,0.4	,78.2	,0.3	,-	,6.35
https://www.whoscored.com/Players/322775/Show/Komnen-Andric,	274,Komnen Andric,https://www.whoscored.com/Teams/941/Show/France-Clermont-Foot,"Clermont Foot, ",28,",  FW  ",16(18),1442	,4	,3	,4	,-	,0.9	,75.3	,1.3	,-	,6.34
https://www.whoscored.com/Players/236546/Show/Ruben-Aguilar,	275,Ruben Aguilar,https://www.whoscored.com/Teams/248/Show/France-Monaco,"Monaco, ",31,",  D(R),M(R)  ",14(6),1176	,-	,-	,3	,-	,0.2	,84.4	,0.6	,-	,6.34
https://www.whoscored.com/Players/388096/Show/Maxime-Busi,	276,Maxime Busi,https://www.whoscored.com/Teams/950/Show/France-Reims,"Reims, ",24,",  D(R),M(R)  ",11(10),1041	,-	,1	,4	,-	,0.1	,75.3	,0.7	,1	,6.34
https://www.whoscored.com/Players/444750/Show/Khalil-Fayad,	277,Khalil Fayad,https://www.whoscored.com/Teams/311/Show/France-Montpellier,"Montpellier, ",19,",  M(CL)  ",7(17),707	,-	,2	,1	,1	,0.3	,84.8	,0.1	,-	,6.34
https://www.whoscored.com/Players/320544/Show/Bonke-Innocent,	278,Bonke Innocent,https://www.whoscored.com/Teams/146/Show/France-Lorient,"Lorient, ",28,",  DMC  ",14(11),1183	,-	,1	,5	,-	,0.2	,89.2	,0.4	,-	,6.34
https://www.whoscored.com/Players/149548/Show/Erik-Palmer-Brown,	279,Erik Palmer-Brown,https://www.whoscored.com/Teams/229/Show/France-Troyes,"Troyes, ",27,",  D(C)  ",36(2),3194	,-	,-	,5	,-	,0.3	,84.7	,1.5	,-	,6.34
https://www.whoscored.com/Players/90108/Show/Florent-Ogier,	280,Florent Ogier,https://www.whoscored.com/Teams/941/Show/France-Clermont-Foot,"Clermont Foot, ",35,",  D(C)  ",18(8),1695	,-	,1	,4	,-	,0.1	,79.4	,1.1	,-	,6.33
https://www.whoscored.com/Players/322671/Show/Gauthier-Hein,	281,Gauthier Hein,https://www.whoscored.com/Teams/308/Show/France-Auxerre,"Auxerre, ",27,",  AM(CR)  ",23(12),1886	,2	,-	,1	,-	,1.1	,84.4	,0.1	,-	,6.33
https://www.whoscored.com/Players/34212/Show/Thomas-Mangani,	282,Thomas Mangani,https://www.whoscored.com/Teams/610/Show/France-AC-Ajaccio,"AC Ajaccio, ",37,",  M(C)  ",14(12),1329	,1	,1	,4	,1	,0.4	,73.7	,0.8	,-	,6.32
https://www.whoscored.com/Players/140090/Show/Moussa-Demb%C3%A9l%C3%A9,	283,Moussa Dembélé,https://www.whoscored.com/Teams/228/Show/France-Lyon,"Lyon, ",27,",  FW  ",8(15),866	,3	,-	,1	,-	,1.2	,72.9	,1.3	,-	,6.32
https://www.whoscored.com/Players/29586/Show/Beno%C3%AEt-Costil,	284,Benoît Costil,https://www.whoscored.com/Teams/308/Show/France-Auxerre,"Auxerre, ",36,",  GK  ",19,1710	,-	,-	,-	,-	,-	,66.5	,0.1	,-	,6.32
https://www.whoscored.com/Players/432104/Show/Enzo-Tchato,	285,Enzo Tchato,https://www.whoscored.com/Teams/311/Show/France-Montpellier,"Montpellier, ",21,",  D(R)  ",11(10),1094	,1	,1	,1	,-	,0.2	,76.4	,0.8	,-	,6.32
https://www.whoscored.com/Players/256539/Show/Marcus-Coco,	286,Marcus Coco,https://www.whoscored.com/Teams/302/Show/France-Nantes,"Nantes, ",27,",  D(R),M(LR),FW  ",6(20),629	,1	,-	,2	,-	,0.3	,75	,0.7	,-	,6.32
https://www.whoscored.com/Players/78023/Show/Romain-Hamouma,	287,Romain Hamouma,https://www.whoscored.com/Teams/610/Show/France-AC-Ajaccio,"AC Ajaccio, ",37,",  M(CLR),FW  ",14(5),1091	,2	,2	,1	,2	,0.8	,81.7	,0.7	,-	,6.31
https://www.whoscored.com/Players/58761/Show/M-39-Baye-Niang,	288,M'Baye Niang,https://www.whoscored.com/Teams/308/Show/France-Auxerre,"Auxerre, ",29,",  AM(LR),FW  ",17(13),1486	,6	,-	,2	,2	,1.3	,64	,2.3	,-	,6.31
https://www.whoscored.com/Players/444679/Show/Warren-Za%C3%AFre-Emery,	289,Warren Zaïre-Emery,https://www.whoscored.com/Teams/304/Show/France-PSG,"PSG, ",18,",  DMC,M(R)  ",8(18),919	,2	,-	,1	,-	,0.3	,92	,0.1	,-	,6.31
https://www.whoscored.com/Players/387159/Show/Cl%C3%A9ment-Vidal,	290,Clément Vidal,https://www.whoscored.com/Teams/610/Show/France-AC-Ajaccio,"AC Ajaccio, ",23,",  D(C)  ",21(5),1901	,1	,-	,5	,1	,0.5	,77.4	,2	,1	,6.29
https://www.whoscored.com/Players/111951/Show/Youssouf-M-39-Changama,	291,Youssouf M'Changama,https://www.whoscored.com/Teams/308/Show/France-Auxerre,"Auxerre, ",33,",  M(C)  ",11(15),1079	,-	,-	,1	,-	,0.7	,82.5	,0.5	,-	,6.29
https://www.whoscored.com/Players/422190/Show/Mohamed-Bayo,	292,Mohamed Bayo,https://www.whoscored.com/Teams/607/Show/France-Lille,"Lille, ",25,",  FW  ",6(21),640	,4	,1	,1	,-	,0.8	,63.8	,0.5	,-	,6.29
https://www.whoscored.com/Players/398373/Show/Eliot-Matazo,	293,Eliot Matazo,https://www.whoscored.com/Teams/248/Show/France-Monaco,"Monaco, ",22,",  DMC  ",13(10),1176	,1	,-	,2	,-	,0.2	,81.8	,0.4	,-	,6.29
https://www.whoscored.com/Players/236564/Show/J%C3%A9r%C3%A9mie-Bela,	294,Jérémie Bela,https://www.whoscored.com/Teams/941/Show/France-Clermont-Foot,"Clermont Foot, ",31,",  M(LR)  ",7(12),737	,1	,1	,-	,-	,0.6	,72.2	,0.1	,-	,6.28
https://www.whoscored.com/Players/349699/Show/Ismail-Jakobs,	295,Ismail Jakobs,https://www.whoscored.com/Teams/248/Show/France-Monaco,"Monaco, ",24,",  D(L),M(L)  ",9(23),1102	,-	,2	,3	,-	,0.4	,69.1	,1.6	,-	,6.27
https://www.whoscored.com/Players/436048/Show/Carlos-Baleba,	296,Carlos Baleba,https://www.whoscored.com/Teams/607/Show/France-Lille,"Lille, ",20,",  DMC  ",5(14),472	,-	,-	,3	,1	,0.6	,83.6	,0.4	,-	,6.27
https://www.whoscored.com/Players/259809/Show/Sada-Thioub,	297,Sada Thioub,https://www.whoscored.com/Teams/614/Show/France-Angers,"Angers, ",28,",  D(R),M(LR)  ",11(16),1056	,1	,2	,3	,-	,0.3	,82.5	,0.2	,-	,6.26
https://www.whoscored.com/Players/425354/Show/Andreas-Bruus,	298,Andreas Bruus,https://www.whoscored.com/Teams/229/Show/France-Troyes,"Troyes, ",25,",  D(R),M(R)  ",18(9),1626	,-	,2	,2	,-	,0.4	,72.3	,0.1	,-	,6.26
https://www.whoscored.com/Players/444514/Show/Kevin-Spadanuda,	299,Kevin Spadanuda,https://www.whoscored.com/Teams/610/Show/France-AC-Ajaccio,"AC Ajaccio, ",27,",  M(L)  ",13(9),1069	,-	,1	,3	,-	,0.3	,81.5	,0.2	,-	,6.26
https://www.whoscored.com/Players/71293/Show/S%C3%A9bastien-Corchia,	300,Sébastien Corchia,https://www.whoscored.com/Teams/302/Show/France-Nantes,"Nantes, ",33,",  D(R),M(R)  ",6(16),775	,-	,1	,3	,-	,0.2	,76.9	,0.5	,-	,6.26
https://www.whoscored.com/Players/78677/Show/Benjamin-Leroy,	301,Benjamin Leroy,https://www.whoscored.com/Teams/610/Show/France-AC-Ajaccio,"AC Ajaccio, ",35,",  GK  ",32,2799	,-	,-	,1	,-	,-	,57.6	,0.1	,1	,6.26
https://www.whoscored.com/Players/351228/Show/Mathieu-Coutadeur,	302,Mathieu Coutadeur,https://www.whoscored.com/Teams/610/Show/France-AC-Ajaccio,"AC Ajaccio, ",38,",  M(C)  ",22(5),1951	,-	,-	,2	,-	,0.1	,84.6	,0.3	,-	,6.24
https://www.whoscored.com/Players/232578/Show/Riad-Nouri,	303,Riad Nouri,https://www.whoscored.com/Teams/610/Show/France-AC-Ajaccio,"AC Ajaccio, ",38,",  M(LR)  ",16(17),1692	,1	,1	,3	,-	,0.5	,74	,0.4	,-	,6.24
https://www.whoscored.com/Players/93917/Show/Val%C3%A8re-Germain,	304,Valère Germain,https://www.whoscored.com/Teams/311/Show/France-Montpellier,"Montpellier, ",34,",  AM(CLR),FW  ",5(26),673	,2	,-	,1	,1	,0.6	,69.4	,1	,-	,6.23
https://www.whoscored.com/Players/414249/Show/Matthis-Abline,	305,Matthis Abline,https://www.whoscored.com/Teams/308/Show/France-Auxerre,"Auxerre, ",21,",  FW  ",8(11),803	,2	,1	,1	,-	,1.4	,69.4	,0.6	,-	,6.23
https://www.whoscored.com/Players/329620/Show/Lebo-Mothiba,	306,Lebo Mothiba,https://www.whoscored.com/Teams/148/Show/France-Strasbourg,"Strasbourg, ",28,",  FW  ",3(16),428	,3	,-	,-	,-	,0.5	,79.6	,0.5	,-	,6.22
https://www.whoscored.com/Players/276228/Show/Ado-Onaiwu,	307,Ado Onaiwu,https://www.whoscored.com/Teams/246/Show/France-Toulouse,"Toulouse, ",28,",  FW  ",9(25),1073	,2	,1	,-	,-	,0.6	,76.2	,1.1	,-	,6.22
https://www.whoscored.com/Players/92531/Show/Abdoulaye-Bamba,	308,Abdoulaye Bamba,https://www.whoscored.com/Teams/614/Show/France-Angers,"Angers, ",34,",  D(CLR),M(R)  ",12(9),1359	,-	,-	,2	,-	,-	,88.9	,0.8	,-	,6.20
https://www.whoscored.com/Players/342498/Show/Ik%C3%A9-Ugbo,	309,Iké Ugbo,https://www.whoscored.com/Teams/229/Show/France-Troyes,"Troyes, ",25,",  FW  ",9(16),889	,2	,1	,-	,-	,0.6	,70.6	,0.4	,-	,6.20
https://www.whoscored.com/Players/236476/Show/C%C3%A9dric-Avinel,	310,Cédric Avinel,https://www.whoscored.com/Teams/610/Show/France-AC-Ajaccio,"AC Ajaccio, ",37,",  D(C)  ",19(5),1791	,1	,-	,2	,1	,0.1	,85	,1.6	,1	,6.18
https://www.whoscored.com/Players/425231/Show/Veljko-Birmancevic,	311,Veljko Birmancevic,https://www.whoscored.com/Teams/246/Show/France-Toulouse,"Toulouse, ",26,",  AM(L)  ",2(23),427	,-	,-	,-	,-	,0.5	,69.8	,0.1	,-	,6.11
