Player_URL,Player,Player1,Player_URL2,Player3,Player4,Player5,Apps,Mins,Goals,Assists,Yel,SpG,PS,AerialsWon,MotM,Rating
https://www.whoscored.com/Players/383581/Show/Mike-Tr%C3%A9sor,	1,Mike Trésor,https://www.whoscored.com/Teams/140/Show/Belgium-Genk,"Genk, ",24,",  AM(CLR)  ",33(1),2882	,8	,21	,1	,1.7	,76.5	,0.2	,7	,7.45
https://www.whoscored.com/Players/399305/Show/Teddy-Teuma,	2,Teddy Teuma,https://www.whoscored.com/Teams/2647/Show/Belgium-Union-St-Gilloise,"Union St.Gilloise, ",30,",  AM(C)  ",32,2670	,9	,9	,9	,2	,81.1	,0.3	,6	,7.38
https://www.whoscored.com/Players/243567/Show/Hans-Vanaken,	3,Hans Vanaken,https://www.whoscored.com/Teams/124/Show/Belgium-Club-Bruges,"Club Bruges, ",31,",  AM(CL)  ",34,3034	,10	,5	,4	,1.8	,83.2	,3.2	,6	,7.28
https://www.whoscored.com/Players/363655/Show/Joseph-Paintsil,	4,Joseph Paintsil,https://www.whoscored.com/Teams/140/Show/Belgium-Genk,"Genk, ",26,",  AM(LR),FW  ",28(2),2367	,14	,11	,8	,2.1	,76.9	,0.1	,7	,7.28
https://www.whoscored.com/Players/400496/Show/Daniel-Mu%C3%B1oz,	5,Daniel Muñoz,https://www.whoscored.com/Teams/140/Show/Belgium-Genk,"Genk, ",27,",  D(CR),DMC,M(R)  ",30,2616	,7	,5	,8	,1.1	,81.3	,1	,3	,7.26
https://www.whoscored.com/Players/133381/Show/Vincent-Janssen,	6,Vincent Janssen,https://www.whoscored.com/Teams/752/Show/Belgium-Royal-Antwerp,"Royal Antwerp, ",29,",  AM(C),FW  ",26(4),2310	,16	,4	,6	,2.8	,73.1	,2.2	,6	,7.23
https://www.whoscored.com/Players/423869/Show/Abdelkahar-Kadri,	7,Abdelkahar Kadri,https://www.whoscored.com/Teams/886/Show/Belgium-Kortrijk,"Kortrijk, ",23,",  AM(CL)  ",13(3),1226	,4	,1	,4	,1.7	,80.2	,0.6	,3	,7.21
https://www.whoscored.com/Players/327684/Show/Bryan-Heynen,	8,Bryan Heynen,https://www.whoscored.com/Teams/140/Show/Belgium-Genk,"Genk, ",27,",  M(C)  ",32(1),2785	,10	,4	,5	,1.3	,70.9	,2.3	,2	,7.20
https://www.whoscored.com/Players/315387/Show/Hugo-Cuypers,	9,Hugo Cuypers,https://www.whoscored.com/Teams/231/Show/Belgium-Gent,"Gent, ",27,",  FW  ",31(2),2693	,20	,4	,1	,2.9	,64.9	,1.8	,7	,7.19
https://www.whoscored.com/Players/377276/Show/Andreas-Skov-Olsen,	10,Andreas Skov Olsen,https://www.whoscored.com/Teams/124/Show/Belgium-Club-Bruges,"Club Bruges, ",24,",  M(CR)  ",16(5),1397	,7	,5	,3	,2.5	,78.8	,0.1	,4	,7.19
https://www.whoscored.com/Players/104377/Show/Zinho-Gano,	11,Zinho Gano,https://www.whoscored.com/Teams/2164/Show/Belgium-Zulte-Waregem,"Zulte Waregem, ",30,",  FW  ",17(3),1522	,12	,3	,1	,2.7	,70	,4.8	,2	,7.18
https://www.whoscored.com/Players/136396/Show/Julien-De-Sart,	12,Julien De Sart,https://www.whoscored.com/Teams/231/Show/Belgium-Gent,"Gent, ",29,",  DMC  ",16(5),1497	,2	,-	,4	,1.1	,76.3	,3.1	,2	,7.16
https://www.whoscored.com/Players/392647/Show/Maxim-De-Cuyper,	13,Maxim De Cuyper,https://www.whoscored.com/Teams/238/Show/Belgium-Westerlo,"Westerlo, ",23,",  D(LR)  ",33,2952	,8	,6	,5	,1	,79	,1.1	,4	,7.15
https://www.whoscored.com/Players/354283/Show/Noa-Lang,	14,Noa Lang,https://www.whoscored.com/Teams/124/Show/Belgium-Club-Bruges,"Club Bruges, ",24,",  AM(LR),FW  ",20(8),1868	,8	,5	,4	,1.9	,76.2	,0.2	,3	,7.13
https://www.whoscored.com/Players/122182/Show/Paul-Onuachu,	15,Paul Onuachu,https://www.whoscored.com/Teams/140/Show/Belgium-Genk,"Genk, ",29,",  FW  ",14(5),1182	,16	,-	,3	,2.2	,76.7	,1.8	,2	,7.11
https://www.whoscored.com/Players/400146/Show/Thibo-Somers,	16,Thibo Somers,https://www.whoscored.com/Teams/885/Show/Belgium-Cercle-Bruges,"Cercle Bruges, ",25,",  M(CLR),FW  ",31,2626	,5	,6	,4	,1.5	,52.7	,3.4	,3	,7.10
https://www.whoscored.com/Players/422197/Show/Adem-Zorgane,	17,Adem Zorgane,https://www.whoscored.com/Teams/260/Show/Belgium-Sporting-Charleroi,"Sporting Charleroi, ",24,",  M(C)  ",30(1),2689	,4	,7	,4	,1	,82.3	,0.7	,2	,7.10
https://www.whoscored.com/Players/116569/Show/Siebe-Schrijvers,	18,Siebe Schrijvers,https://www.whoscored.com/Teams/1406/Show/Belgium-OH-Leuven,"OH Leuven, ",27,",  M(CLR),FW  ",13(3),1109	,2	,1	,3	,1.8	,74.1	,0.8	,2	,7.10
https://www.whoscored.com/Players/326588/Show/No%C3%AB-Dussenne,	19,Noë Dussenne,https://www.whoscored.com/Teams/261/Show/Belgium-Standard-Liege,"Standard Liege, ",32,",  D(C)  ",27(1),2339	,5	,1	,7	,0.7	,80.4	,2.5	,-	,7.08
https://www.whoscored.com/Players/445430/Show/Arthur-Vermeeren,	20,Arthur Vermeeren,https://www.whoscored.com/Teams/752/Show/Belgium-Royal-Antwerp,"Royal Antwerp, ",19,",  DMC  ",18(2),1628	,-	,1	,1	,0.7	,83.2	,0.6	,1	,7.07
https://www.whoscored.com/Players/400512/Show/Louis-Patris,	21,Louis Patris,https://www.whoscored.com/Teams/1406/Show/Belgium-OH-Leuven,"OH Leuven, ",22,",  D(CR)  ",31(2),2785	,2	,6	,5	,0.8	,75.6	,1.3	,2	,7.06
https://www.whoscored.com/Players/299690/Show/Dante-Vanzeir,	22,Dante Vanzeir,https://www.whoscored.com/Teams/2647/Show/Belgium-Union-St-Gilloise,"Union St.Gilloise, ",26,",  FW  ",20,1625	,10	,2	,1	,2.5	,65.9	,0.4	,1	,7.06
https://www.whoscored.com/Players/322667/Show/Fa%C3%AFz-Selemani,	23,Faïz Selemani,https://www.whoscored.com/Teams/886/Show/Belgium-Kortrijk,"Kortrijk, ",30,",  M(CLR),FW  ",24(4),2060	,8	,4	,3	,2	,71.2	,0.7	,-	,7.05
https://www.whoscored.com/Players/355450/Show/Philip-Zinckernagel,	24,Philip Zinckernagel,https://www.whoscored.com/Teams/261/Show/Belgium-Standard-Liege,"Standard Liege, ",29,",  AM(CLR),FW  ",22(1),1896	,8	,2	,3	,2.5	,76.4	,0.6	,4	,7.05
https://www.whoscored.com/Players/260640/Show/Geoffry-Hairemans,	25,Geoffry Hairemans,https://www.whoscored.com/Teams/237/Show/Belgium-KV-Mechelen,"KV Mechelen, ",32,",  AM(CLR)  ",31(1),2491	,9	,8	,2	,1.3	,79.4	,1.4	,2	,7.03
https://www.whoscored.com/Players/92586/Show/Rob-Schoofs,	26,Rob Schoofs,https://www.whoscored.com/Teams/237/Show/Belgium-KV-Mechelen,"KV Mechelen, ",30,",  M(C)  ",25(1),2183	,7	,4	,5	,2.1	,79.7	,0.6	,4	,7.02
https://www.whoscored.com/Players/449357/Show/Hong-Hyun-Seok,	27,Hong Hyun-Seok,https://www.whoscored.com/Teams/231/Show/Belgium-Gent,"Gent, ",24,",  M(CL)  ",28(3),2394	,5	,5	,1	,0.9	,78.4	,0.4	,2	,7.00
https://www.whoscored.com/Players/21778/Show/Jan-Vertonghen,	28,Jan Vertonghen,https://www.whoscored.com/Teams/240/Show/Belgium-Anderlecht,"Anderlecht, ",37,",  D(CL)  ",22(1),2015	,1	,-	,3	,0.8	,84.3	,3.3	,1	,6.99
https://www.whoscored.com/Players/443004/Show/Simon-Adingra,	29,Simon Adingra,https://www.whoscored.com/Teams/2647/Show/Belgium-Union-St-Gilloise,"Union St.Gilloise, ",22,",  M(LR),FW  ",20(10),1906	,10	,8	,1	,1.3	,79	,0.1	,6	,6.98
https://www.whoscored.com/Players/339671/Show/Aron-D%C3%B8nnum,	30,Aron Dønnum,https://www.whoscored.com/Teams/261/Show/Belgium-Standard-Liege,"Standard Liege, ",26,",  M(CLR)  ",31(1),2438	,3	,5	,3	,0.8	,73.2	,0.4	,2	,6.98
https://www.whoscored.com/Players/421983/Show/Alieu-Fadera,	31,Alieu Fadera,https://www.whoscored.com/Teams/2164/Show/Belgium-Zulte-Waregem,"Zulte Waregem, ",22,",  M(LR)  ",31(2),2723	,6	,6	,7	,1.2	,71.2	,0.5	,3	,6.98
https://www.whoscored.com/Players/134493/Show/Christian-Burgess,	32,Christian Burgess,https://www.whoscored.com/Teams/2647/Show/Belgium-Union-St-Gilloise,"Union St.Gilloise, ",32,",  D(C)  ",31,2725	,3	,-	,10	,0.7	,85.4	,3.4	,1	,6.98
https://www.whoscored.com/Players/400138/Show/Bart-Verbruggen,	33,Bart Verbruggen,https://www.whoscored.com/Teams/240/Show/Belgium-Anderlecht,"Anderlecht, ",21,",  GK  ",17,1530	,-	,-	,-	,0.1	,73.4	,0.1	,1	,6.98
https://www.whoscored.com/Players/116690/Show/Patrik-Hrosovsky,	34,Patrik Hrosovsky,https://www.whoscored.com/Teams/140/Show/Belgium-Genk,"Genk, ",32,",  DMC  ",34,3017	,2	,4	,3	,1.1	,83.6	,0.5	,-	,6.98
https://www.whoscored.com/Players/396158/Show/Ferran-Jutgl%C3%A0,	35,Ferran Jutglà,https://www.whoscored.com/Teams/124/Show/Belgium-Club-Bruges,"Club Bruges, ",25,",  AM(L),FW  ",25(6),1963	,13	,5	,3	,2.9	,75.8	,1	,3	,6.97
https://www.whoscored.com/Players/349666/Show/Fraser-Hornby,	36,Fraser Hornby,https://www.whoscored.com/Teams/2165/Show/Belgium-Oostende,"Oostende, ",24,",  FW  ",19(2),1619	,8	,2	,6	,2.7	,56.7	,5	,2	,6.97
https://www.whoscored.com/Players/383816/Show/Mousa-Al-Ta-39-mari,	37,Mousa Al Ta'mari,https://www.whoscored.com/Teams/1406/Show/Belgium-OH-Leuven,"OH Leuven, ",26,",  M(LR),FW  ",30(4),2774	,6	,1	,4	,2.4	,74.2	,0.1	,2	,6.97
https://www.whoscored.com/Players/420404/Show/Lo%C3%AFc-Lapoussin,	38,Loïc Lapoussin,https://www.whoscored.com/Teams/2647/Show/Belgium-Union-St-Gilloise,"Union St.Gilloise, ",28,",  DMC,M(L)  ",22(10),2205	,3	,4	,3	,0.9	,79.3	,0.2	,1	,6.96
https://www.whoscored.com/Players/377586/Show/Joseph-Okumu,	39,Joseph Okumu,https://www.whoscored.com/Teams/231/Show/Belgium-Gent,"Gent, ",26,",  D(C)  ",27(1),2353	,1	,1	,1	,0.7	,80.6	,1.6	,-	,6.96
https://www.whoscored.com/Players/432378/Show/Willian-Pacho,	40,Willian Pacho,https://www.whoscored.com/Teams/752/Show/Belgium-Royal-Antwerp,"Royal Antwerp, ",22,",  D(C)  ",33,2898	,-	,1	,3	,0.2	,85.3	,1.8	,2	,6.96
https://www.whoscored.com/Players/69933/Show/Toby-Alderweireld,	41,Toby Alderweireld,https://www.whoscored.com/Teams/752/Show/Belgium-Royal-Antwerp,"Royal Antwerp, ",35,",  D(CR)  ",30,2700	,5	,2	,5	,1	,85.8	,1.9	,2	,6.96
https://www.whoscored.com/Players/317306/Show/Alessio-Castro-Montes,	42,Alessio Castro-Montes,https://www.whoscored.com/Teams/231/Show/Belgium-Gent,"Gent, ",26,",  D(LR),M(CLR)  ",18(8),1828	,1	,4	,6	,1	,79.1	,0.7	,1	,6.95
https://www.whoscored.com/Players/362146/Show/Steven-Alzate,	43,Steven Alzate,https://www.whoscored.com/Teams/261/Show/Belgium-Standard-Liege,"Standard Liege, ",25,",  DMC,M(L)  ",23(1),1973	,2	,5	,5	,0.5	,84.2	,1.2	,1	,6.95
https://www.whoscored.com/Players/26875/Show/Sven-Kums,	44,Sven Kums,https://www.whoscored.com/Teams/231/Show/Belgium-Gent,"Gent, ",36,",  M(C)  ",31(1),2705	,2	,6	,3	,0.8	,84.8	,1.3	,1	,6.95
https://www.whoscored.com/Players/89927/Show/Gianni-Bruno,	45,Gianni Bruno,https://www.whoscored.com/Teams/239/Show/Belgium-St-Truiden,"St.Truiden, ",32,",  AM(LR),FW  ",23(7),2096	,18	,2	,4	,2.2	,75.5	,0.9	,6	,6.94
https://www.whoscored.com/Players/355122/Show/Mark-McKenzie,	46,Mark McKenzie,https://www.whoscored.com/Teams/140/Show/Belgium-Genk,"Genk, ",25,",  D(C)  ",30,2697	,1	,-	,4	,0.4	,86.9	,2.9	,-	,6.94
https://www.whoscored.com/Players/332120/Show/Jordan-Torunarigha,	47,Jordan Torunarigha,https://www.whoscored.com/Teams/231/Show/Belgium-Gent,"Gent, ",26,",  D(CL)  ",27(1),2176	,3	,2	,1	,0.5	,83.6	,1.8	,2	,6.94
https://www.whoscored.com/Players/400366/Show/Marko-Ilic,	48,Marko Ilic,https://www.whoscored.com/Teams/886/Show/Belgium-Kortrijk,"Kortrijk, ",26,",  GK  ",17,1530	,-	,-	,1	,-	,65.3	,0.5	,2	,6.93
https://www.whoscored.com/Players/256844/Show/Thierry-Ambrose,	49,Thierry Ambrose,https://www.whoscored.com/Teams/2165/Show/Belgium-Oostende,"Oostende, ",27,",  AM(LR),FW  ",26(2),2269	,7	,3	,8	,2.4	,64.7	,3.3	,1	,6.93
https://www.whoscored.com/Players/366551/Show/J%C3%B3n-Thorsteinsson,	50,Jón Thorsteinsson,https://www.whoscored.com/Teams/1406/Show/Belgium-OH-Leuven,"OH Leuven, ",25,",  AM(CLR),FW  ",27(4),2139	,12	,3	,8	,1.6	,75.6	,0.4	,4	,6.92
https://www.whoscored.com/Players/422143/Show/Alhassan-Yusuf,	51,Alhassan Yusuf,https://www.whoscored.com/Teams/752/Show/Belgium-Royal-Antwerp,"Royal Antwerp, ",23,",  DMC  ",17(5),1565	,-	,1	,3	,0.4	,85.9	,0.9	,-	,6.92
https://www.whoscored.com/Players/332875/Show/Frank-Boya,	52,Frank Boya,https://www.whoscored.com/Teams/239/Show/Belgium-St-Truiden,"St.Truiden, ",27,",  D(C),DMC  ",27(4),2339	,1	,-	,6	,1.6	,70.6	,2.6	,3	,6.92
https://www.whoscored.com/Players/115401/Show/Casper-Nielsen,	53,Casper Nielsen,https://www.whoscored.com/Teams/124/Show/Belgium-Club-Bruges,"Club Bruges, ",30,",  DMC  ",29(3),2425	,7	,-	,4	,1.7	,74.5	,0.8	,1	,6.91
https://www.whoscored.com/Players/420405/Show/Senne-Lynen,	54,Senne Lynen,https://www.whoscored.com/Teams/2647/Show/Belgium-Union-St-Gilloise,"Union St.Gilloise, ",25,",  DMC  ",31(1),2674	,-	,5	,7	,0.7	,81.2	,0.7	,1	,6.91
https://www.whoscored.com/Players/407284/Show/Olivier-Deman,	55,Olivier Deman,https://www.whoscored.com/Teams/885/Show/Belgium-Cercle-Bruges,"Cercle Bruges, ",24,",  M(CLR),FW  ",29(1),2450	,1	,3	,5	,0.9	,56.2	,1.2	,1	,6.91
https://www.whoscored.com/Players/431258/Show/Tsuyoshi-Watanabe,	56,Tsuyoshi Watanabe,https://www.whoscored.com/Teams/886/Show/Belgium-Kortrijk,"Kortrijk, ",27,",  D(C)  ",34,3060	,1	,-	,3	,0.6	,77.7	,3.6	,1	,6.91
https://www.whoscored.com/Players/399999/Show/Nicolas-Raskin,	57,Nicolas Raskin,https://www.whoscored.com/Teams/261/Show/Belgium-Standard-Liege,"Standard Liege, ",23,",  DMC  ",14(2),1276	,-	,4	,2	,0.6	,83.9	,0.6	,1	,6.91
https://www.whoscored.com/Players/363677/Show/William-Balikwisha,	58,William Balikwisha,https://www.whoscored.com/Teams/261/Show/Belgium-Standard-Liege,"Standard Liege, ",24,",  AM(CR)  ",28(2),2228	,5	,3	,1	,1.3	,79.6	,0.1	,1	,6.90
https://www.whoscored.com/Players/114348/Show/Felipe-Avenatti,	59,Felipe Avenatti,https://www.whoscored.com/Teams/886/Show/Belgium-Kortrijk,"Kortrijk, ",31,",  FW  ",21(7),1942	,7	,1	,6	,1.6	,65.2	,4.6	,3	,6.90
https://www.whoscored.com/Players/402104/Show/Matisse-Samoise,	60,Matisse Samoise,https://www.whoscored.com/Teams/231/Show/Belgium-Gent,"Gent, ",22,",  D(R),M(R)  ",25(2),1972	,2	,4	,2	,0.7	,75	,0.6	,2	,6.90
https://www.whoscored.com/Players/377288/Show/Ayase-Ueda,	61,Ayase Ueda,https://www.whoscored.com/Teams/885/Show/Belgium-Cercle-Bruges,"Cercle Bruges, ",25,",  AM(C),FW  ",31(3),2736	,18	,1	,1	,2.6	,60.5	,2.9	,6	,6.89
https://www.whoscored.com/Players/431539/Show/Tatsuhiro-Sakamoto,	62,Tatsuhiro Sakamoto,https://www.whoscored.com/Teams/2165/Show/Belgium-Oostende,"Oostende, ",27,",  M(CLR)  ",29(1),2623	,-	,6	,3	,0.8	,66.3	,1	,1	,6.89
https://www.whoscored.com/Players/384000/Show/Victor-Boniface,	63,Victor Boniface,https://www.whoscored.com/Teams/2647/Show/Belgium-Union-St-Gilloise,"Union St.Gilloise, ",23,",  FW  ",27(4),2237	,7	,7	,2	,2.5	,76	,1.3	,2	,6.89
https://www.whoscored.com/Players/401117/Show/Michel-Ange-Balikwisha,	64,Michel-Ange Balikwisha,https://www.whoscored.com/Teams/752/Show/Belgium-Royal-Antwerp,"Royal Antwerp, ",22,",  AM(CLR),FW  ",22(5),1878	,6	,1	,-	,1.2	,79.7	,-	,2	,6.89
https://www.whoscored.com/Players/367188/Show/Yari-Verschaeren,	65,Yari Verschaeren,https://www.whoscored.com/Teams/240/Show/Belgium-Anderlecht,"Anderlecht, ",22,",  AM(CLR)  ",25(2),2165	,1	,2	,2	,1.3	,84.1	,0.3	,2	,6.88
https://www.whoscored.com/Players/141392/Show/Joris-Kayembe,	66,Joris Kayembe,https://www.whoscored.com/Teams/260/Show/Belgium-Sporting-Charleroi,"Sporting Charleroi, ",29,",  D(CL),M(L)  ",25(4),2306	,1	,1	,4	,0.5	,75.2	,0.6	,-	,6.88
https://www.whoscored.com/Players/399998/Show/Mathieu-Maertens,	67,Mathieu Maertens,https://www.whoscored.com/Teams/1406/Show/Belgium-OH-Leuven,"OH Leuven, ",29,",  M(CLR)  ",23(1),2022	,5	,4	,4	,1.7	,77.5	,0.7	,2	,6.88
https://www.whoscored.com/Players/129832/Show/Brandon-Mechele,	68,Brandon Mechele,https://www.whoscored.com/Teams/124/Show/Belgium-Club-Bruges,"Club Bruges, ",31,",  D(C)  ",28(2),2575	,2	,-	,6	,0.3	,89.3	,2.5	,1	,6.87
https://www.whoscored.com/Players/411101/Show/Daiki-Hashioka,	69,Daiki Hashioka,https://www.whoscored.com/Teams/239/Show/Belgium-St-Truiden,"St.Truiden, ",24,",  D(R),M(R)  ",31(1),2758	,-	,3	,3	,0.6	,67.2	,3.5	,1	,6.87
https://www.whoscored.com/Players/369862/Show/Casper-De-Norre,	70,Casper De Norre,https://www.whoscored.com/Teams/1406/Show/Belgium-OH-Leuven,"OH Leuven, ",27,",  D(L),DMC,M(L)  ",34,3048	,4	,4	,1	,0.7	,85.1	,0.4	,2	,6.87
https://www.whoscored.com/Players/332814/Show/K%C3%A9vin-Denkey,	71,Kévin Denkey,https://www.whoscored.com/Teams/885/Show/Belgium-Cercle-Bruges,"Cercle Bruges, ",23,",  FW  ",25(7),2314	,9	,8	,1	,2.2	,65.3	,2.7	,1	,6.86
https://www.whoscored.com/Players/328987/Show/Calvin-Stengs,	72,Calvin Stengs,https://www.whoscored.com/Teams/752/Show/Belgium-Royal-Antwerp,"Royal Antwerp, ",25,",  M(CR)  ",19(2),1681	,1	,4	,5	,1.4	,79.5	,0.2	,2	,6.86
https://www.whoscored.com/Players/404110/Show/Nicolas-Madsen,	73,Nicolas Madsen,https://www.whoscored.com/Teams/238/Show/Belgium-Westerlo,"Westerlo, ",24,",  M(C)  ",26(4),2318	,2	,4	,1	,0.8	,83.2	,0.7	,1	,6.85
https://www.whoscored.com/Players/332870/Show/Herv%C3%A9-Koffi,	74,Hervé Koffi,https://www.whoscored.com/Teams/260/Show/Belgium-Sporting-Charleroi,"Sporting Charleroi, ",27,",  GK  ",27,2430	,-	,-	,3	,-	,66.1	,0.4	,3	,6.85
https://www.whoscored.com/Players/415775/Show/Bjorn-Meijer,	75,Bjorn Meijer,https://www.whoscored.com/Teams/124/Show/Belgium-Club-Bruges,"Club Bruges, ",21,",  D(L),M(L)  ",28(2),2372	,3	,5	,3	,0.6	,80.3	,1.2	,1	,6.85
https://www.whoscored.com/Players/400306/Show/Ken-Nkuba,	76,Ken Nkuba,https://www.whoscored.com/Teams/260/Show/Belgium-Sporting-Charleroi,"Sporting Charleroi, ",22,",  M(R)  ",25(3),2099	,4	,5	,11	,1.2	,77.3	,0.5	,4	,6.85
https://www.whoscored.com/Players/228759/Show/Michael-Ngadeu,	77,Michael Ngadeu,https://www.whoscored.com/Teams/231/Show/Belgium-Gent,"Gent, ",33,",  D(C)  ",30,2666	,1	,-	,6	,0.6	,86.4	,2	,1	,6.84
https://www.whoscored.com/Players/470051/Show/Matej-Rodin,	78,Matej Rodin,https://www.whoscored.com/Teams/2165/Show/Belgium-Oostende,"Oostende, ",28,",  D(C)  ",16,1440	,1	,-	,4	,0.6	,63.1	,3.9	,-	,6.83
https://www.whoscored.com/Players/101685/Show/Toni-Leistner,	79,Toni Leistner,https://www.whoscored.com/Teams/239/Show/Belgium-St-Truiden,"St.Truiden, ",33,",  D(C)  ",24,2154	,1	,-	,3	,0.5	,81.8	,2.5	,-	,6.83
https://www.whoscored.com/Players/399358/Show/Marlon-Fossey,	80,Marlon Fossey,https://www.whoscored.com/Teams/261/Show/Belgium-Standard-Liege,"Standard Liege, ",25,",  D(R),M(R)  ",17(4),1601	,3	,1	,3	,0.4	,75.3	,1	,-	,6.82
https://www.whoscored.com/Players/365332/Show/Maarten-Vandevoordt,	81,Maarten Vandevoordt,https://www.whoscored.com/Teams/140/Show/Belgium-Genk,"Genk, ",22,",  GK  ",34,3060	,-	,-	,1	,-	,75.5	,0.2	,1	,6.82
https://www.whoscored.com/Players/280972/Show/Amir-Murillo,	82,Amir Murillo,https://www.whoscored.com/Teams/240/Show/Belgium-Anderlecht,"Anderlecht, ",28,",  D(CR),M(R)  ",26(2),2385	,3	,3	,3	,0.7	,70.9	,1.9	,-	,6.82
https://www.whoscored.com/Players/367189/Show/Hannes-Delcroix,	83,Hannes Delcroix,https://www.whoscored.com/Teams/240/Show/Belgium-Anderlecht,"Anderlecht, ",25,",  D(CL)  ",13(3),1160	,-	,-	,1	,0.2	,89	,1.5	,-	,6.81
https://www.whoscored.com/Players/364214/Show/Clinton-Mata,	84,Clinton Mata,https://www.whoscored.com/Teams/124/Show/Belgium-Club-Bruges,"Club Bruges, ",31,",  D(CR),M(R)  ",19(2),1564	,-	,2	,5	,0.1	,79.8	,0.5	,1	,6.81
https://www.whoscored.com/Players/256536/Show/Jean-Butez,	85,Jean Butez,https://www.whoscored.com/Teams/752/Show/Belgium-Royal-Antwerp,"Royal Antwerp, ",28,",  GK  ",34,3060	,-	,-	,1	,-	,74.6	,0.3	,4	,6.81
https://www.whoscored.com/Players/425338/Show/Raphael-Onyedika,	86,Raphael Onyedika,https://www.whoscored.com/Teams/124/Show/Belgium-Club-Bruges,"Club Bruges, ",23,",  DMC  ",21(5),1961	,-	,-	,8	,0.7	,88.2	,0.7	,-	,6.81
https://www.whoscored.com/Players/355963/Show/Jurgen-Ekkelenkamp,	87,Jurgen Ekkelenkamp,https://www.whoscored.com/Teams/752/Show/Belgium-Royal-Antwerp,"Royal Antwerp, ",24,",  M(C)  ",22(5),1888	,5	,6	,4	,1.7	,81.6	,0.6	,1	,6.81
https://www.whoscored.com/Players/391592/Show/Gast%C3%B3n-%C3%81vila,	88,Gastón Ávila,https://www.whoscored.com/Teams/752/Show/Belgium-Royal-Antwerp,"Royal Antwerp, ",22,",  D(CL)  ",10(6),982	,-	,-	,-	,0.8	,80.4	,0.9	,-	,6.80
https://www.whoscored.com/Players/371447/Show/Lyle-Foster,	89,Lyle Foster,https://www.whoscored.com/Teams/238/Show/Belgium-Westerlo,"Westerlo, ",23,",  FW  ",17(4),1550	,8	,3	,3	,2	,73.5	,1	,-	,6.80
https://www.whoscored.com/Players/306786/Show/Mario-Gonz%C3%A1lez,	90,Mario González,https://www.whoscored.com/Teams/1406/Show/Belgium-OH-Leuven,"OH Leuven, ",28,",  FW  ",18(4),1644	,13	,1	,-	,1.7	,70.7	,1.3	,2	,6.80
https://www.whoscored.com/Players/108491/Show/Birger-Verstraete,	91,Birger Verstraete,https://www.whoscored.com/Teams/237/Show/Belgium-KV-Mechelen,"KV Mechelen, ",30,",  DMC  ",18(1),1604	,2	,-	,6	,0.8	,80	,1	,2	,6.79
https://www.whoscored.com/Players/303080/Show/Federico-Ricca,	92,Federico Ricca,https://www.whoscored.com/Teams/1406/Show/Belgium-OH-Leuven,"OH Leuven, ",29,",  D(CL)  ",28,2518	,1	,-	,8	,0.4	,87.1	,2	,1	,6.79
https://www.whoscored.com/Players/4107/Show/Christian-Br%C3%BCls,	93,Christian Brüls,https://www.whoscored.com/Teams/239/Show/Belgium-St-Truiden,"St.Truiden, ",35,",  AM(CLR),FW  ",14(4),1261	,1	,3	,2	,0.9	,76.6	,1.1	,1	,6.79
https://www.whoscored.com/Players/297527/Show/Bart-Nieuwkoop,	94,Bart Nieuwkoop,https://www.whoscored.com/Teams/2647/Show/Belgium-Union-St-Gilloise,"Union St.Gilloise, ",28,",  D(R),M(R)  ",26(3),2188	,3	,3	,9	,0.7	,70.1	,1.2	,1	,6.79
https://www.whoscored.com/Players/388097/Show/Jelle-Bataille,	95,Jelle Bataille,https://www.whoscored.com/Teams/752/Show/Belgium-Royal-Antwerp,"Royal Antwerp, ",24,",  D(LR),M(R)  ",22(9),1987	,-	,2	,2	,0.3	,79.5	,0.3	,-	,6.78
https://www.whoscored.com/Players/388100/Show/Ewoud-Pletinckx,	96,Ewoud Pletinckx,https://www.whoscored.com/Teams/1406/Show/Belgium-OH-Leuven,"OH Leuven, ",23,",  D(C)  ",32,2812	,-	,1	,-	,0.5	,86.4	,1.6	,-	,6.78
https://www.whoscored.com/Players/380655/Show/F%C3%A1bio-Silva,	97,Fábio Silva,https://www.whoscored.com/Teams/240/Show/Belgium-Anderlecht,"Anderlecht, ",21,",  AM(L),FW  ",16(3),1440	,7	,1	,3	,2.5	,68.9	,1.1	,2	,6.77
https://www.whoscored.com/Players/34196/Show/Damien-Marcq,	98,Damien Marcq,https://www.whoscored.com/Teams/260/Show/Belgium-Sporting-Charleroi,"Sporting Charleroi, ",35,",  D(C),M(C)  ",17(4),1471	,2	,1	,3	,0.2	,80	,1.8	,2	,6.77
https://www.whoscored.com/Players/137322/Show/Marco-Ilaimaharitra,	99,Marco Ilaimaharitra,https://www.whoscored.com/Teams/260/Show/Belgium-Sporting-Charleroi,"Sporting Charleroi, ",28,",  DMC  ",30(1),2594	,3	,2	,8	,0.9	,84.1	,0.6	,-	,6.76
https://www.whoscored.com/Players/400502/Show/Gerardo-Arteaga,	100,Gerardo Arteaga,https://www.whoscored.com/Teams/140/Show/Belgium-Genk,"Genk, ",25,",  D(L),M(L)  ",32,2808	,2	,2	,8	,0.5	,81.9	,0.8	,-	,6.76
https://www.whoscored.com/Players/336370/Show/Arnaud-Bodart,	101,Arnaud Bodart,https://www.whoscored.com/Teams/261/Show/Belgium-Standard-Liege,"Standard Liege, ",26,",  GK  ",33,2970	,-	,1	,1	,-	,66.2	,0.3	,3	,6.76
https://www.whoscored.com/Players/383688/Show/Majeed-Ashimeru,	102,Majeed Ashimeru,https://www.whoscored.com/Teams/240/Show/Belgium-Anderlecht,"Anderlecht, ",26,",  M(CR)  ",20(7),1758	,2	,3	,4	,0.5	,88.3	,0.1	,1	,6.76
https://www.whoscored.com/Players/33085/Show/Vadis-Odjidja-Ofoe,	103,Vadis Odjidja-Ofoe,https://www.whoscored.com/Teams/231/Show/Belgium-Gent,"Gent, ",35,",  AM(CR)  ",16(8),1332	,1	,5	,2	,1.4	,80.3	,0.5	,-	,6.76
https://www.whoscored.com/Players/332999/Show/Merveille-Bokadi,	104,Merveille Bokadi,https://www.whoscored.com/Teams/261/Show/Belgium-Standard-Liege,"Standard Liege, ",27,",  D(C),DMC  ",29(3),2668	,1	,1	,4	,0.4	,88.9	,1.4	,-	,6.75
https://www.whoscored.com/Players/400248/Show/Daniel-Schmidt,	105,Daniel Schmidt,https://www.whoscored.com/Teams/239/Show/Belgium-St-Truiden,"St.Truiden, ",32,",  GK  ",31,2780	,-	,-	,-	,-	,62.7	,0.5	,3	,6.75
https://www.whoscored.com/Players/24992/Show/Sinan-Bolat,	106,Sinan Bolat,https://www.whoscored.com/Teams/238/Show/Belgium-Westerlo,"Westerlo, ",35,",  GK  ",33,2970	,-	,-	,6	,-	,71.1	,0.3	,4	,6.75
https://www.whoscored.com/Players/383208/Show/Arbnor-Muja,	107,Arbnor Muja,https://www.whoscored.com/Teams/752/Show/Belgium-Royal-Antwerp,"Royal Antwerp, ",25,",  AM(LR)  ",16(5),1379	,3	,3	,3	,1.8	,78.8	,0.5	,1	,6.74
https://www.whoscored.com/Players/108659/Show/Stef-Peeters,	108,Stef Peeters,https://www.whoscored.com/Teams/2166/Show/Belgium-Eupen,"Eupen, ",32,",  M(C)  ",30(1),2691	,7	,7	,10	,1.6	,75.2	,0.5	,1	,6.74
https://www.whoscored.com/Players/243549/Show/Nikola-Storm,	109,Nikola Storm,https://www.whoscored.com/Teams/237/Show/Belgium-KV-Mechelen,"KV Mechelen, ",29,",  AM(L)  ",29(1),2475	,4	,3	,-	,2.4	,77.2	,-	,2	,6.74
https://www.whoscored.com/Players/415171/Show/Habib-Ke%C3%AFta,	110,Habib Keïta,https://www.whoscored.com/Teams/886/Show/Belgium-Kortrijk,"Kortrijk, ",22,",  DMC  ",14(4),1145	,1	,1	,5	,0.8	,77.2	,0.5	,-	,6.74
https://www.whoscored.com/Players/400487/Show/Boris-Lambert,	111,Boris Lambert,https://www.whoscored.com/Teams/2166/Show/Belgium-Eupen,"Eupen, ",24,",  D(C),DMC  ",28(4),2580	,4	,-	,5	,0.6	,79.3	,1.9	,2	,6.73
https://www.whoscored.com/Players/364716/Show/Bryan-Reynolds,	112,Bryan Reynolds,https://www.whoscored.com/Teams/238/Show/Belgium-Westerlo,"Westerlo, ",22,",  D(R),M(R)  ",24(3),2080	,1	,2	,4	,0.3	,81.8	,0.6	,-	,6.73
https://www.whoscored.com/Players/443088/Show/Lukas-Van-Eenoo,	113,Lukas Van Eenoo,https://www.whoscored.com/Teams/238/Show/Belgium-Westerlo,"Westerlo, ",33,",  DMC  ",19(3),1744	,2	,2	,2	,1	,86	,0.9	,-	,6.73
https://www.whoscored.com/Players/52197/Show/Simon-Mignolet,	114,Simon Mignolet,https://www.whoscored.com/Teams/124/Show/Belgium-Club-Bruges,"Club Bruges, ",36,",  GK  ",34,3060	,-	,-	,-	,-	,70.8	,0.2	,-	,6.73
https://www.whoscored.com/Players/400137/Show/Killian-Sardella,	115,Killian Sardella,https://www.whoscored.com/Teams/240/Show/Belgium-Anderlecht,"Anderlecht, ",22,",  D(CLR)  ",12(4),1120	,-	,2	,3	,0.3	,85.8	,1.3	,-	,6.73
https://www.whoscored.com/Players/444758/Show/Dorgeles-Nene,	116,Dorgeles Nene,https://www.whoscored.com/Teams/238/Show/Belgium-Westerlo,"Westerlo, ",21,",  AM(L),FW  ",15(14),1484	,8	,3	,3	,1.5	,78.2	,0.2	,2	,6.72
https://www.whoscored.com/Players/383691/Show/Carlos-Cuesta,	117,Carlos Cuesta,https://www.whoscored.com/Teams/140/Show/Belgium-Genk,"Genk, ",25,",  D(C)  ",29,2532	,1	,-	,5	,0.4	,90	,1.7	,-	,6.71
https://www.whoscored.com/Players/433572/Show/Bilal-El-Khannouss,	118,Bilal El Khannouss,https://www.whoscored.com/Teams/140/Show/Belgium-Genk,"Genk, ",19,",  AM(C)  ",31(2),2231	,1	,3	,2	,1.3	,78.2	,0.6	,-	,6.71
https://www.whoscored.com/Players/31856/Show/Ritchie-De-Laet,	119,Ritchie De Laet,https://www.whoscored.com/Teams/752/Show/Belgium-Royal-Antwerp,"Royal Antwerp, ",35,",  D(CLR)  ",23(7),2069	,1	,3	,11	,0.6	,82.1	,0.9	,1	,6.71
https://www.whoscored.com/Players/407510/Show/Lazare-Amani,	120,Lazare Amani,https://www.whoscored.com/Teams/2647/Show/Belgium-Union-St-Gilloise,"Union St.Gilloise, ",26,",  AM(C)  ",28(2),2160	,2	,4	,7	,1.1	,79	,0.2	,2	,6.70
https://www.whoscored.com/Players/118234/Show/Andrew-Hjulsager,	121,Andrew Hjulsager,https://www.whoscored.com/Teams/231/Show/Belgium-Gent,"Gent, ",29,",  M(CLR),FW  ",14(6),1150	,2	,3	,-	,0.9	,74.1	,0.2	,1	,6.70
https://www.whoscored.com/Players/108105/Show/Paul-Nardi,	122,Paul Nardi,https://www.whoscored.com/Teams/231/Show/Belgium-Gent,"Gent, ",29,",  GK  ",24,2160	,-	,-	,1	,-	,67.7	,0.1	,-	,6.70
https://www.whoscored.com/Players/454674/Show/Abu-Francis,	123,Abu Francis,https://www.whoscored.com/Teams/885/Show/Belgium-Cercle-Bruges,"Cercle Bruges, ",23,",  DMC  ",16(10),1644	,1	,3	,4	,1	,66.1	,1.4	,-	,6.69
https://www.whoscored.com/Players/107510/Show/Valentin-Cojocaru,	124,Valentin Cojocaru,https://www.whoscored.com/Teams/1406/Show/Belgium-OH-Leuven,"OH Leuven, ",28,",  GK  ",34,3060	,-	,-	,1	,-	,74.7	,0.3	,1	,6.69
https://www.whoscored.com/Players/420402/Show/Siebe-Van-der-Heyden,	125,Siebe Van der Heyden,https://www.whoscored.com/Teams/2647/Show/Belgium-Union-St-Gilloise,"Union St.Gilloise, ",25,",  D(C)  ",27,2352	,1	,1	,11	,0.3	,84.3	,2	,-	,6.69
https://www.whoscored.com/Players/68335/Show/Denis-Odoi,	126,Denis Odoi,https://www.whoscored.com/Teams/124/Show/Belgium-Club-Bruges,"Club Bruges, ",35,",  D(CLR),DMC  ",20(5),1890	,-	,-	,7	,0.5	,81.7	,1.1	,-	,6.68
https://www.whoscored.com/Players/420401/Show/Isma%C3%ABl-Kandouss,	127,Ismaël Kandouss,https://www.whoscored.com/Teams/2647/Show/Belgium-Union-St-Gilloise,"Union St.Gilloise, ",26,",  D(C)  ",25(2),2140	,1	,-	,3	,0.5	,83.8	,1.7	,-	,6.68
https://www.whoscored.com/Players/407518/Show/Nicolas-Rommens,	128,Nicolas Rommens,https://www.whoscored.com/Teams/2164/Show/Belgium-Zulte-Waregem,"Zulte Waregem, ",29,",  M(C)  ",28(3),2406	,2	,4	,6	,0.7	,80.1	,1.2	,2	,6.67
https://www.whoscored.com/Players/303208/Show/Radoslaw-Majecki,	129,Radoslaw Majecki,https://www.whoscored.com/Teams/885/Show/Belgium-Cercle-Bruges,"Cercle Bruges, ",24,",  GK  ",28,2476	,-	,-	,1	,-	,41.4	,0.2	,1	,6.66
https://www.whoscored.com/Players/400240/Show/Wolke-Janssens,	130,Wolke Janssens,https://www.whoscored.com/Teams/239/Show/Belgium-St-Truiden,"St.Truiden, ",29,",  D(CR)  ",24(7),2233	,-	,-	,6	,0.1	,80.4	,1.4	,-	,6.66
https://www.whoscored.com/Players/442966/Show/Tom-Vandenberghe,	131,Tom Vandenberghe,https://www.whoscored.com/Teams/886/Show/Belgium-Kortrijk,"Kortrijk, ",31,",  GK  ",17,1530	,-	,-	,-	,-	,57.7	,0.4	,-	,6.66
https://www.whoscored.com/Players/140489/Show/Pieter-Gerkens,	132,Pieter Gerkens,https://www.whoscored.com/Teams/752/Show/Belgium-Royal-Antwerp,"Royal Antwerp, ",29,",  M(CR)  ",16(3),1443	,1	,2	,2	,0.8	,80.2	,2.1	,1	,6.66
https://www.whoscored.com/Players/437430/Show/Abakar-Sylla,	133,Abakar Sylla,https://www.whoscored.com/Teams/124/Show/Belgium-Club-Bruges,"Club Bruges, ",21,",  D(C)  ",14(3),1284	,-	,-	,5	,0.5	,85.9	,1.8	,1	,6.66
https://www.whoscored.com/Players/364234/Show/Ryota-Morioka,	134,Ryota Morioka,https://www.whoscored.com/Teams/260/Show/Belgium-Sporting-Charleroi,"Sporting Charleroi, ",33,",  M(C),FW  ",11(11),1000	,3	,3	,2	,0.5	,81.3	,0.5	,1	,6.65
https://www.whoscored.com/Players/383690/Show/Gaetan-Coucke,	135,Gaetan Coucke,https://www.whoscored.com/Teams/237/Show/Belgium-KV-Mechelen,"KV Mechelen, ",25,",  GK  ",28,2511	,-	,-	,-	,-	,69.4	,0.3	,-	,6.65
https://www.whoscored.com/Players/331043/Show/Sofian-Kiyine,	136,Sofian Kiyine,https://www.whoscored.com/Teams/1406/Show/Belgium-OH-Leuven,"OH Leuven, ",26,",  M(CL)  ",12(8),1055	,2	,2	,3	,1.5	,79.6	,0.3	,-	,6.65
https://www.whoscored.com/Players/399852/Show/Konan-N%E2%80%99Dri,	137,Konan N’Dri,https://www.whoscored.com/Teams/2166/Show/Belgium-Eupen,"Eupen, ",23,",  M(LR),FW  ",22(11),2098	,7	,2	,3	,2.2	,69.3	,0.3	,3	,6.65
https://www.whoscored.com/Players/24325/Show/Jelle-Vossen,	138,Jelle Vossen,https://www.whoscored.com/Teams/2164/Show/Belgium-Zulte-Waregem,"Zulte Waregem, ",35,",  AM(CLR),FW  ",27(4),2342	,9	,2	,4	,1.9	,69.8	,1.4	,1	,6.64
https://www.whoscored.com/Players/400135/Show/Hendrik-Van-Crombrugge,	139,Hendrik Van Crombrugge,https://www.whoscored.com/Teams/240/Show/Belgium-Anderlecht,"Anderlecht, ",31,",  GK  ",16,1440	,-	,-	,1	,-	,77.1	,0.2	,-	,6.64
https://www.whoscored.com/Players/260452/Show/Cameron-McGeehan,	140,Cameron McGeehan,https://www.whoscored.com/Teams/2165/Show/Belgium-Oostende,"Oostende, ",29,",  M(C)  ",17(4),1622	,4	,1	,5	,2.6	,70	,1.2	,3	,6.64
https://www.whoscored.com/Players/299032/Show/Alessandro-Ciranni,	141,Alessandro Ciranni,https://www.whoscored.com/Teams/2164/Show/Belgium-Zulte-Waregem,"Zulte Waregem, ",27,",  D(R),M(R)  ",25(2),2058	,1	,3	,5	,0.6	,70.8	,0.4	,-	,6.64
https://www.whoscored.com/Players/361853/Show/Marius-Mouandilmadji,	142,Marius Mouandilmadji,https://www.whoscored.com/Teams/5747/Show/Belgium-RFC-Seraing,"RFC Seraing, ",26,",  FW  ",24(2),1945	,11	,1	,4	,1.7	,55.8	,3	,2	,6.63
https://www.whoscored.com/Players/296317/Show/Isaac-Mbenza,	143,Isaac Mbenza,https://www.whoscored.com/Teams/260/Show/Belgium-Sporting-Charleroi,"Sporting Charleroi, ",28,",  M(CLR),FW  ",24(9),2147	,4	,7	,2	,1.3	,80.1	,0.1	,1	,6.63
https://www.whoscored.com/Players/420028/Show/Boris-Popovic,	144,Boris Popovic,https://www.whoscored.com/Teams/885/Show/Belgium-Cercle-Bruges,"Cercle Bruges, ",24,",  D(C)  ",33,2902	,2	,1	,3	,0.7	,59.1	,3.9	,1	,6.62
https://www.whoscored.com/Players/43393/Show/Roman-Neust%C3%A4dter,	145,Roman Neustädter,https://www.whoscored.com/Teams/238/Show/Belgium-Westerlo,"Westerlo, ",36,",  D(C),M(C)  ",21(7),1901	,1	,1	,4	,0.4	,85.9	,1	,1	,6.62
https://www.whoscored.com/Players/363717/Show/Francis-Amuzu,	146,Francis Amuzu,https://www.whoscored.com/Teams/240/Show/Belgium-Anderlecht,"Anderlecht, ",24,",  M(LR)  ",26(6),2249	,3	,6	,4	,1.4	,81.7	,0.3	,2	,6.62
https://www.whoscored.com/Players/400142/Show/Charles-Vanhoutte,	147,Charles Vanhoutte,https://www.whoscored.com/Teams/885/Show/Belgium-Cercle-Bruges,"Cercle Bruges, ",25,",  DMC  ",20(9),1744	,1	,3	,9	,0.5	,68.9	,0.8	,1	,6.62
https://www.whoscored.com/Players/255363/Show/Leonardo-Lopes,	148,Leonardo Lopes,https://www.whoscored.com/Teams/885/Show/Belgium-Cercle-Bruges,"Cercle Bruges, ",25,",  D(R),M(C)  ",22(3),1981	,-	,3	,6	,0.5	,61.7	,1.9	,-	,6.62
https://www.whoscored.com/Players/328977/Show/Dimitri-Laval%C3%A9e,	149,Dimitri Lavalée,https://www.whoscored.com/Teams/237/Show/Belgium-KV-Mechelen,"KV Mechelen, ",27,",  D(C),DMC  ",20(1),1754	,-	,-	,3	,0.7	,76.1	,2	,-	,6.62
https://www.whoscored.com/Players/408614/Show/Alioune-Ndour,	150,Alioune Ndour,https://www.whoscored.com/Teams/2164/Show/Belgium-Zulte-Waregem,"Zulte Waregem, ",26,",  AM(R)  ",12(12),1198	,6	,4	,2	,1.3	,61.5	,0.7	,-	,6.61
https://www.whoscored.com/Players/383821/Show/Antoine-Bernier,	151,Antoine Bernier,https://www.whoscored.com/Teams/5747/Show/Belgium-RFC-Seraing,"RFC Seraing, ",26,",  M(CLR),FW  ",20(2),1739	,3	,2	,1	,1.8	,69.3	,0.4	,2	,6.61
https://www.whoscored.com/Players/401783/Show/Jo%C3%A3o-Silva,	152,João Silva,https://www.whoscored.com/Teams/886/Show/Belgium-Kortrijk,"Kortrijk, ",25,",  D(C)  ",18(4),1572	,2	,1	,6	,0.4	,73.7	,1.8	,-	,6.61
https://www.whoscored.com/Players/390217/Show/Osaze-Urhoghide,	153,Osaze Urhoghide,https://www.whoscored.com/Teams/2165/Show/Belgium-Oostende,"Oostende, ",23,",  D(CR)  ",24(3),2120	,-	,-	,5	,0.3	,74	,2.2	,-	,6.61
https://www.whoscored.com/Players/342821/Show/Ross-Sykes,	154,Ross Sykes,https://www.whoscored.com/Teams/2647/Show/Belgium-Union-St-Gilloise,"Union St.Gilloise, ",25,",  D(C)  ",12(6),1085	,2	,1	,1	,0.6	,85.4	,1.8	,1	,6.60
https://www.whoscored.com/Players/19552/Show/Lior-Refaelov,	155,Lior Refaelov,https://www.whoscored.com/Teams/240/Show/Belgium-Anderlecht,"Anderlecht, ",38,",  AM(CLR),FW  ",16(12),1300	,4	,4	,3	,0.6	,77.9	,0.2	,1	,6.60
https://www.whoscored.com/Players/442970/Show/Novatus-Miroshi,	156,Novatus Miroshi,https://www.whoscored.com/Teams/2164/Show/Belgium-Zulte-Waregem,"Zulte Waregem, ",21,",  D(CL),DMC  ",25(6),2327	,-	,2	,8	,0.5	,72.5	,1.2	,-	,6.60
https://www.whoscored.com/Players/420040/Show/Mathias-Fixelles,	157,Mathias Fixelles,https://www.whoscored.com/Teams/238/Show/Belgium-Westerlo,"Westerlo, ",27,",  M(CR)  ",19(9),1641	,2	,-	,4	,0.6	,78.6	,0.3	,1	,6.60
https://www.whoscored.com/Players/93937/Show/Massimo-Bruno,	158,Massimo Bruno,https://www.whoscored.com/Teams/886/Show/Belgium-Kortrijk,"Kortrijk, ",30,",  M(CLR)  ",13(9),1209	,3	,2	,3	,1.1	,74.4	,0.3	,1	,6.60
https://www.whoscored.com/Players/383089/Show/Ravil-Tagir,	159,Ravil Tagir,https://www.whoscored.com/Teams/238/Show/Belgium-Westerlo,"Westerlo, ",20,",  D(C)  ",21(5),1948	,-	,1	,2	,0.2	,87.4	,1.1	,-	,6.60
https://www.whoscored.com/Players/253417/Show/Konstantinos-Laifis,	160,Konstantinos Laifis,https://www.whoscored.com/Teams/261/Show/Belgium-Standard-Liege,"Standard Liege, ",30,",  D(CL)  ",26(1),2277	,1	,-	,6	,0.8	,84.1	,2.2	,1	,6.60
https://www.whoscored.com/Players/420045/Show/Junior-Sambu-Mansoni,	161,Junior Sambu Mansoni,https://www.whoscored.com/Teams/5747/Show/Belgium-RFC-Seraing,"RFC Seraing, ",27,",  D(R),M(R)  ",22(10),2049	,-	,1	,6	,0.4	,72.9	,0.6	,1	,6.59
https://www.whoscored.com/Players/320609/Show/Gustaf-Nilsson,	162,Gustaf Nilsson,https://www.whoscored.com/Teams/2647/Show/Belgium-Union-St-Gilloise,"Union St.Gilloise, ",26,",  FW  ",7(17),885	,5	,-	,3	,1.2	,59	,1.6	,1	,6.59
https://www.whoscored.com/Players/294044/Show/Amadou-Diawara,	163,Amadou Diawara,https://www.whoscored.com/Teams/240/Show/Belgium-Anderlecht,"Anderlecht, ",26,",  DMC  ",18(3),1476	,1	,1	,5	,0.5	,83.4	,0.2	,-	,6.59
https://www.whoscored.com/Players/399710/Show/Aboubakary-Ko%C3%AFta,	164,Aboubakary Koïta,https://www.whoscored.com/Teams/239/Show/Belgium-St-Truiden,"St.Truiden, ",25,",  M(CL),FW  ",12(17),1349	,-	,2	,3	,1.4	,76.7	,0.4	,2	,6.58
https://www.whoscored.com/Players/400036/Show/Youssouph-Badji,	165,Youssouph Badji,https://www.whoscored.com/Teams/260/Show/Belgium-Sporting-Charleroi,"Sporting Charleroi, ",22,",  FW  ",12(14),1177	,5	,-	,2	,1.3	,69.5	,2.8	,-	,6.58
https://www.whoscored.com/Players/67073/Show/Anthony-Moris,	166,Anthony Moris,https://www.whoscored.com/Teams/2647/Show/Belgium-Union-St-Gilloise,"Union St.Gilloise, ",34,",  GK  ",34,3060	,-	,-	,4	,-	,72.9	,0.3	,-	,6.58
https://www.whoscored.com/Players/322494/Show/Hamza-Mendyl,	167,Hamza Mendyl,https://www.whoscored.com/Teams/1406/Show/Belgium-OH-Leuven,"OH Leuven, ",26,",  D(L),M(L)  ",25(3),2069	,-	,4	,8	,0.2	,79.1	,0.4	,-	,6.58
https://www.whoscored.com/Players/403470/Show/St%C3%A9lios-Andreou,	168,Stélios Andreou,https://www.whoscored.com/Teams/260/Show/Belgium-Sporting-Charleroi,"Sporting Charleroi, ",21,",  D(CR)  ",19(3),1714	,-	,-	,3	,0.2	,85.8	,1	,-	,6.57
https://www.whoscored.com/Players/113982/Show/Dino-Hotic,	169,Dino Hotic,https://www.whoscored.com/Teams/885/Show/Belgium-Cercle-Bruges,"Cercle Bruges, ",28,",  AM(CR)  ",21(13),1940	,5	,1	,2	,1.3	,64.2	,0.4	,1	,6.57
https://www.whoscored.com/Players/425958/Show/Alec-Van-Hoorenbeeck,	170,Alec Van Hoorenbeeck,https://www.whoscored.com/Teams/237/Show/Belgium-KV-Mechelen,"KV Mechelen, ",25,",  D(CL)  ",22(4),1844	,-	,1	,4	,0.1	,78.2	,1.7	,-	,6.57
https://www.whoscored.com/Players/395417/Show/Jesper-Daland,	171,Jesper Daland,https://www.whoscored.com/Teams/885/Show/Belgium-Cercle-Bruges,"Cercle Bruges, ",24,",  D(C)  ",30(2),2710	,1	,-	,8	,0.6	,64.2	,3.2	,-	,6.57
https://www.whoscored.com/Players/327685/Show/Mbwana-Samatta,	172,Mbwana Samatta,https://www.whoscored.com/Teams/140/Show/Belgium-Genk,"Genk, ",31,",  FW  ",10(17),1193	,6	,1	,2	,1.1	,70.9	,1.2	,1	,6.57
https://www.whoscored.com/Players/410633/Show/Zeno-Debast,	173,Zeno Debast,https://www.whoscored.com/Teams/240/Show/Belgium-Anderlecht,"Anderlecht, ",20,",  D(C)  ",33,2859	,-	,-	,4	,0.4	,82.9	,0.8	,-	,6.57
https://www.whoscored.com/Players/432452/Show/Christiaan-Ravych,	174,Christiaan Ravych,https://www.whoscored.com/Teams/885/Show/Belgium-Cercle-Bruges,"Cercle Bruges, ",21,",  D(C)  ",18(8),1735	,1	,-	,4	,0.3	,64.4	,1.5	,-	,6.56
https://www.whoscored.com/Players/377275/Show/Jonas-Bager,	175,Jonas Bager,https://www.whoscored.com/Teams/260/Show/Belgium-Sporting-Charleroi,"Sporting Charleroi, ",27,",  D(C)  ",21(2),1724	,1	,-	,4	,-	,78.3	,1.9	,-	,6.56
https://www.whoscored.com/Players/280528/Show/Rubin-Seigers,	176,Rubin Seigers,https://www.whoscored.com/Teams/238/Show/Belgium-Westerlo,"Westerlo, ",26,",  D(C)  ",17(6),1657	,-	,-	,1	,0.2	,91	,1	,-	,6.55
https://www.whoscored.com/Players/34302/Show/Nacer-Chadli,	177,Nacer Chadli,https://www.whoscored.com/Teams/238/Show/Belgium-Westerlo,"Westerlo, ",34,",  M(CLR),FW  ",20(2),1319	,5	,1	,-	,1.1	,76.2	,1	,-	,6.55
https://www.whoscored.com/Players/399954/Show/Jordi-Vanlerberghe,	178,Jordi Vanlerberghe,https://www.whoscored.com/Teams/237/Show/Belgium-KV-Mechelen,"KV Mechelen, ",27,",  D(C),DMC  ",17(3),1503	,2	,1	,3	,0.9	,77.5	,1.9	,1	,6.55
https://www.whoscored.com/Players/399968/Show/Nick-B%C3%A4tzner,	179,Nick Bätzner,https://www.whoscored.com/Teams/2165/Show/Belgium-Oostende,"Oostende, ",24,",  AM(CLR)  ",23(7),1902	,6	,4	,4	,1.3	,72	,0.4	,2	,6.55
https://www.whoscored.com/Players/361252/Show/David-Bates,	180,David Bates,https://www.whoscored.com/Teams/237/Show/Belgium-KV-Mechelen,"KV Mechelen, ",27,",  D(C)  ",21(3),1901	,2	,-	,4	,0.6	,82.8	,2.3	,1	,6.55
https://www.whoscored.com/Players/26222/Show/Shinji-Okazaki,	181,Shinji Okazaki,https://www.whoscored.com/Teams/239/Show/Belgium-St-Truiden,"St.Truiden, ",38,",  AM(CLR),FW  ",30,2555	,1	,2	,1	,0.8	,73.4	,1.5	,-	,6.54
https://www.whoscored.com/Players/120822/Show/Pietro-Perdichizzi,	182,Pietro Perdichizzi,https://www.whoscored.com/Teams/238/Show/Belgium-Westerlo,"Westerlo, ",31,",  D(C)  ",15(4),1294	,-	,-	,4	,0.3	,85.5	,2.6	,-	,6.54
https://www.whoscored.com/Players/105341/Show/Guillaume-Hubert,	183,Guillaume Hubert,https://www.whoscored.com/Teams/2165/Show/Belgium-Oostende,"Oostende, ",30,",  GK  ",22,1980	,-	,1	,-	,-	,54.7	,0.5	,-	,6.54
https://www.whoscored.com/Players/400370/Show/Eric-Junior-Bocat,	184,Eric-Junior Bocat,https://www.whoscored.com/Teams/239/Show/Belgium-St-Truiden,"St.Truiden, ",24,",  D(L),M(L)  ",18(4),1427	,-	,1	,2	,0.9	,69.6	,0.5	,-	,6.54
https://www.whoscored.com/Players/290832/Show/Alessio-da-Cruz,	185,Alessio da Cruz,https://www.whoscored.com/Teams/237/Show/Belgium-KV-Mechelen,"KV Mechelen, ",27,",  AM(CLR),FW  ",22(5),1737	,3	,2	,3	,0.8	,78.7	,1	,-	,6.53
https://www.whoscored.com/Players/319466/Show/Abdoulaye-Sissako,	186,Abdoulaye Sissako,https://www.whoscored.com/Teams/2164/Show/Belgium-Zulte-Waregem,"Zulte Waregem, ",25,",  DMC  ",28(3),2366	,1	,1	,5	,0.5	,78.6	,1	,-	,6.52
https://www.whoscored.com/Players/431791/Show/Cameron-Puertas,	187,Cameron Puertas,https://www.whoscored.com/Teams/2647/Show/Belgium-Union-St-Gilloise,"Union St.Gilloise, ",25,",  AM(C)  ",5(24),795	,4	,-	,2	,0.9	,81	,0.3	,-	,6.51
https://www.whoscored.com/Players/400241/Show/Mory-Konat%C3%A9,	188,Mory Konaté,https://www.whoscored.com/Teams/239/Show/Belgium-St-Truiden,"St.Truiden, ",30,",  DMC  ",22(2),1945	,1	,1	,4	,0.9	,77.4	,1.8	,-	,6.51
https://www.whoscored.com/Players/363199/Show/Denis-Dragus,	189,Denis Dragus,https://www.whoscored.com/Teams/261/Show/Belgium-Standard-Liege,"Standard Liege, ",24,",  AM(L),FW  ",12(6),936	,4	,-	,4	,1.7	,72	,0.1	,-	,6.51
https://www.whoscored.com/Players/409462/Show/Noah-Ohio,	190,Noah Ohio,https://www.whoscored.com/Teams/261/Show/Belgium-Standard-Liege,"Standard Liege, ",21,",  FW  ",11(10),923	,5	,3	,2	,1.4	,72	,0.6	,1	,6.51
https://www.whoscored.com/Players/243546/Show/Boli-Bolingoli,	191,Boli Bolingoli,https://www.whoscored.com/Teams/237/Show/Belgium-KV-Mechelen,"KV Mechelen, ",28,",  D(L),M(L)  ",14(4),1148	,-	,-	,6	,0.3	,84	,1	,-	,6.50
https://www.whoscored.com/Players/447548/Show/Amirhossein-Hosseinzadeh,	192,Amirhossein Hosseinzadeh,https://www.whoscored.com/Teams/260/Show/Belgium-Sporting-Charleroi,"Sporting Charleroi, ",23,",  AM(C)  ",12(11),1099	,2	,2	,3	,1	,82.7	,0.5	,-	,6.50
https://www.whoscored.com/Players/291935/Show/Robert-Bauer,	193,Robert Bauer,https://www.whoscored.com/Teams/239/Show/Belgium-St-Truiden,"St.Truiden, ",29,",  D(CLR),DMC,M(LR)  ",22(2),1894	,-	,1	,6	,0.3	,74.9	,0.8	,-	,6.50
https://www.whoscored.com/Players/419917/Show/Ameen-Al-Dakhil,	194,Ameen Al Dakhil,https://www.whoscored.com/Teams/239/Show/Belgium-St-Truiden,"St.Truiden, ",22,",  D(C)  ",16,1396	,-	,-	,3	,0.3	,82.2	,1.2	,-	,6.50
https://www.whoscored.com/Players/400364/Show/Kristof-D-39-Haene,	195,Kristof D'Haene,https://www.whoscored.com/Teams/886/Show/Belgium-Kortrijk,"Kortrijk, ",33,",  D(L),M(L)  ",27(2),2354	,1	,4	,5	,0.3	,75.9	,0.2	,2	,6.50
https://www.whoscored.com/Players/386166/Show/Guillaume-Dietsch,	196,Guillaume Dietsch,https://www.whoscored.com/Teams/5747/Show/Belgium-RFC-Seraing,"RFC Seraing, ",23,",  GK  ",23,2070	,-	,-	,-	,-	,52.7	,0.3	,-	,6.50
https://www.whoscored.com/Players/438102/Show/Malick-Fofana,	197,Malick Fofana,https://www.whoscored.com/Teams/231/Show/Belgium-Gent,"Gent, ",19,",  M(L)  ",8(11),769	,-	,2	,-	,0.3	,86	,0.1	,-	,6.49
https://www.whoscored.com/Players/288787/Show/Regan-Charles-Cook,	198,Regan Charles-Cook,https://www.whoscored.com/Teams/2166/Show/Belgium-Eupen,"Eupen, ",27,",  M(CLR),FW  ",26(5),2219	,6	,2	,4	,0.9	,75.9	,0.5	,-	,6.49
https://www.whoscored.com/Players/399713/Show/Daan-Heymans,	199,Daan Heymans,https://www.whoscored.com/Teams/260/Show/Belgium-Sporting-Charleroi,"Sporting Charleroi, ",24,",  AM(CR),FW  ",19(13),1634	,6	,-	,3	,1.2	,75.4	,1.5	,-	,6.49
https://www.whoscored.com/Players/106880/Show/Laurent-Depoitre,	200,Laurent Depoitre,https://www.whoscored.com/Teams/231/Show/Belgium-Gent,"Gent, ",35,",  FW  ",7(21),917	,5	,3	,-	,0.9	,67.2	,1.5	,-	,6.49
https://www.whoscored.com/Players/299470/Show/Gojko-Cimirot,	201,Gojko Cimirot,https://www.whoscored.com/Teams/261/Show/Belgium-Standard-Liege,"Standard Liege, ",31,",  D(C),DMC  ",23(7),2109	,-	,1	,4	,0.2	,87.2	,-	,-	,6.48
https://www.whoscored.com/Players/400037/Show/Thomas-Van-den-Keybus,	202,Thomas Van den Keybus,https://www.whoscored.com/Teams/238/Show/Belgium-Westerlo,"Westerlo, ",23,",  AM(CLR)  ",17(6),1596	,2	,-	,5	,1.1	,79.4	,0.2	,-	,6.48
https://www.whoscored.com/Players/381660/Show/Sami-Lahssaini,	203,Sami Lahssaini,https://www.whoscored.com/Teams/5747/Show/Belgium-RFC-Seraing,"RFC Seraing, ",25,",  M(C)  ",17(5),1510	,-	,-	,5	,0.5	,75.3	,0.2	,-	,6.47
https://www.whoscored.com/Players/261981/Show/Tuur-Dierckx,	204,Tuur Dierckx,https://www.whoscored.com/Teams/238/Show/Belgium-Westerlo,"Westerlo, ",28,",  AM(R)  ",12(15),1225	,5	,1	,2	,0.8	,71.7	,0.2	,1	,6.47
https://www.whoscored.com/Players/110501/Show/Edisson-Jordanov,	205,Edisson Jordanov,https://www.whoscored.com/Teams/238/Show/Belgium-Westerlo,"Westerlo, ",30,",  D(R),M(R)  ",14(7),1309	,-	,-	,2	,0.5	,77.7	,0.6	,1	,6.46
https://www.whoscored.com/Players/367190/Show/Sieben-Dewaele,	206,Sieben Dewaele,https://www.whoscored.com/Teams/2165/Show/Belgium-Oostende,"Oostende, ",25,",  M(C)  ",18(5),1333	,-	,1	,3	,0.1	,67.7	,0.3	,-	,6.46
https://www.whoscored.com/Players/371027/Show/Tajon-Buchanan,	207,Tajon Buchanan,https://www.whoscored.com/Teams/124/Show/Belgium-Club-Bruges,"Club Bruges, ",25,",  D(R),M(CLR)  ",18(4),1628	,1	,2	,6	,1.2	,83.7	,0.2	,-	,6.46
https://www.whoscored.com/Players/407720/Show/Gary-Magn%C3%A9e,	208,Gary Magnée,https://www.whoscored.com/Teams/2166/Show/Belgium-Eupen,"Eupen, ",24,",  D(R),M(CR)  ",25(6),2202	,3	,2	,5	,1	,71.7	,0.6	,-	,6.46
https://www.whoscored.com/Players/443089/Show/Kyan-Vaesen,	209,Kyan Vaesen,https://www.whoscored.com/Teams/238/Show/Belgium-Westerlo,"Westerlo, ",23,",  FW  ",15(16),1351	,6	,1	,1	,1.1	,73	,1.1	,1	,6.45
https://www.whoscored.com/Players/83356/Show/Igor-Vetokele,	210,Igor Vetokele,https://www.whoscored.com/Teams/238/Show/Belgium-Westerlo,"Westerlo, ",32,",  AM(C),FW  ",8(18),908	,5	,1	,-	,0.8	,74.6	,0.8	,1	,6.45
https://www.whoscored.com/Players/437309/Show/Djeidi-Gassama,	211,Djeidi Gassama,https://www.whoscored.com/Teams/2166/Show/Belgium-Eupen,"Eupen, ",20,",  AM(L)  ",6(13),716	,2	,1	,1	,0.6	,67.8	,0.4	,-	,6.45
https://www.whoscored.com/Players/365333/Show/Dylan-Ouedraogo,	212,Dylan Ouedraogo,https://www.whoscored.com/Teams/1406/Show/Belgium-OH-Leuven,"OH Leuven, ",25,",  D(C)  ",12(9),1135	,-	,1	,3	,0.2	,77.7	,1.1	,-	,6.45
https://www.whoscored.com/Players/409239/Show/%C3%81ngelo-Preciado,	213,Ángelo Preciado,https://www.whoscored.com/Teams/140/Show/Belgium-Genk,"Genk, ",26,",  D(R),M(R)  ",10(12),1008	,-	,1	,4	,0.5	,77.7	,0.5	,-	,6.45
https://www.whoscored.com/Players/429426/Show/Rune-Paeshuyse,	214,Rune Paeshuyse,https://www.whoscored.com/Teams/2166/Show/Belgium-Eupen,"Eupen, ",22,",  D(CR)  ",23(5),2166	,-	,-	,3	,0.1	,86	,1.2	,1	,6.44
https://www.whoscored.com/Players/442976/Show/Sandro-Tr%C3%A9moulet,	215,Sandro Trémoulet,https://www.whoscored.com/Teams/5747/Show/Belgium-RFC-Seraing,"RFC Seraing, ",24,",  D(C)  ",13(3),1073	,-	,-	,4	,0.3	,72	,1.4	,-	,6.44
https://www.whoscored.com/Players/431755/Show/Nayel-Mehssatou,	216,Nayel Mehssatou,https://www.whoscored.com/Teams/886/Show/Belgium-Kortrijk,"Kortrijk, ",22,",  D(CR),DMC,M(R)  ",22(5),1855	,-	,-	,3	,0.1	,78.1	,0.2	,-	,6.44
https://www.whoscored.com/Players/416242/Show/Mamadou-Mbow,	217,Mamadou Mbow,https://www.whoscored.com/Teams/5747/Show/Belgium-RFC-Seraing,"RFC Seraing, ",24,",  D(C)  ",25,2214	,1	,-	,6	,0.2	,82.5	,1.2	,-	,6.43
https://www.whoscored.com/Players/408591/Show/Mario-Stroeykens,	218,Mario Stroeykens,https://www.whoscored.com/Teams/240/Show/Belgium-Anderlecht,"Anderlecht, ",19,",  AM(CL)  ",11(14),1124	,4	,1	,3	,1.2	,78.6	,0.2	,2	,6.43
https://www.whoscored.com/Players/423910/Show/Daichi-Hayashi,	219,Daichi Hayashi,https://www.whoscored.com/Teams/239/Show/Belgium-St-Truiden,"St.Truiden, ",26,",  FW  ",27(4),2001	,7	,1	,3	,1	,69.4	,0.4	,-	,6.43
https://www.whoscored.com/Players/225506/Show/Smail-Prevljak,	220,Smail Prevljak,https://www.whoscored.com/Teams/2166/Show/Belgium-Eupen,"Eupen, ",28,",  AM(C),FW  ",22(8),2054	,6	,1	,3	,1.7	,75.2	,0.9	,1	,6.43
https://www.whoscored.com/Players/399721/Show/Kamal-Sowah,	221,Kamal Sowah,https://www.whoscored.com/Teams/124/Show/Belgium-Club-Bruges,"Club Bruges, ",24,",  M(CLR),FW  ",14(13),1281	,-	,4	,2	,0.7	,81.8	,0.2	,-	,6.43
https://www.whoscored.com/Players/332554/Show/Filippo-Melegoni,	222,Filippo Melegoni,https://www.whoscored.com/Teams/261/Show/Belgium-Standard-Liege,"Standard Liege, ",25,",  M(CR)  ",9(12),732	,1	,-	,4	,0.2	,77.7	,0.1	,-	,6.43
https://www.whoscored.com/Players/275825/Show/Kristiyan-Malinov,	223,Kristiyan Malinov,https://www.whoscored.com/Teams/1406/Show/Belgium-OH-Leuven,"OH Leuven, ",30,",  DMC  ",16(5),1328	,-	,1	,7	,0.2	,81.5	,0.6	,-	,6.42
https://www.whoscored.com/Players/376861/Show/Stjepan-Loncar,	224,Stjepan Loncar,https://www.whoscored.com/Teams/886/Show/Belgium-Kortrijk,"Kortrijk, ",27,",  M(C)  ",13(9),1182	,-	,1	,5	,0.4	,75.1	,0.5	,-	,6.42
https://www.whoscored.com/Players/115454/Show/Sandy-Walsh,	225,Sandy Walsh,https://www.whoscored.com/Teams/237/Show/Belgium-KV-Mechelen,"KV Mechelen, ",29,",  D(CR),M(R)  ",24,2095	,2	,3	,3	,0.7	,73	,1.1	,-	,6.42
https://www.whoscored.com/Players/355614/Show/Lennart-Moser,	226,Lennart Moser,https://www.whoscored.com/Teams/2166/Show/Belgium-Eupen,"Eupen, ",24,",  GK  ",30(1),2745	,-	,-	,-	,-	,58.8	,0.2	,2	,6.42
https://www.whoscored.com/Players/442945/Show/Yentl-Van-Genechten,	227,Yentl Van Genechten,https://www.whoscored.com/Teams/2166/Show/Belgium-Eupen,"Eupen, ",23,",  D(CLR),M(LR)  ",30(3),2377	,-	,3	,1	,0.3	,73.6	,0.5	,-	,6.41
https://www.whoscored.com/Players/399962/Show/Anton-Tanghe,	228,Anton Tanghe,https://www.whoscored.com/Teams/2165/Show/Belgium-Oostende,"Oostende, ",25,",  D(C)  ",29(1),2481	,-	,-	,5	,0.2	,73.5	,1.5	,-	,6.41
https://www.whoscored.com/Players/384604/Show/Nicol%C3%A1s-Castro,	229,Nicolás Castro,https://www.whoscored.com/Teams/140/Show/Belgium-Genk,"Genk, ",23,",  AM(C)  ",3(20),570	,-	,1	,-	,0.7	,80.8	,-	,-	,6.41
https://www.whoscored.com/Players/361815/Show/Yann-Gboho,	230,Yann Gboho,https://www.whoscored.com/Teams/885/Show/Belgium-Cercle-Bruges,"Cercle Bruges, ",23,",  AM(CL),FW  ",6(17),681	,2	,5	,-	,0.7	,65.2	,0.3	,-	,6.41
https://www.whoscored.com/Players/408580/Show/Jackson-Tchatchoua,	231,Jackson Tchatchoua,https://www.whoscored.com/Teams/260/Show/Belgium-Sporting-Charleroi,"Sporting Charleroi, ",22,",  D(R),M(LR)  ",15(13),1461	,1	,2	,2	,0.7	,77.8	,0.5	,1	,6.41
https://www.whoscored.com/Players/107552/Show/Benito-Raman,	232,Benito Raman,https://www.whoscored.com/Teams/240/Show/Belgium-Anderlecht,"Anderlecht, ",29,",  AM(LR),FW  ",9(13),810	,5	,2	,-	,1	,70.8	,0.1	,1	,6.41
https://www.whoscored.com/Players/400153/Show/Kristian-Arnstad,	233,Kristian Arnstad,https://www.whoscored.com/Teams/240/Show/Belgium-Anderlecht,"Anderlecht, ",20,",  DMC,M(R)  ",12(15),1260	,1	,2	,5	,0.5	,79.9	,0.3	,1	,6.41
https://www.whoscored.com/Players/410581/Show/Abdoulaye-Sylla,	234,Abdoulaye Sylla,https://www.whoscored.com/Teams/5747/Show/Belgium-RFC-Seraing,"RFC Seraing, ",24,",  D(C)  ",17(5),1635	,-	,-	,7	,0.1	,75.4	,0.8	,-	,6.40
https://www.whoscored.com/Players/19660/Show/Timothy-Derijck,	235,Timothy Derijck,https://www.whoscored.com/Teams/2164/Show/Belgium-Zulte-Waregem,"Zulte Waregem, ",36,",  D(C),DMC  ",19(3),1711	,1	,-	,5	,0.3	,83.7	,1.4	,-	,6.39
https://www.whoscored.com/Players/93657/Show/Hannes-Van-der-Bruggen,	236,Hannes Van der Bruggen,https://www.whoscored.com/Teams/885/Show/Belgium-Cercle-Bruges,"Cercle Bruges, ",31,",  DMC  ",11(10),831	,-	,1	,4	,0.6	,64	,0.6	,-	,6.39
https://www.whoscored.com/Players/442968/Show/Nachon-Nsingi,	237,Nachon Nsingi,https://www.whoscored.com/Teams/1406/Show/Belgium-OH-Leuven,"OH Leuven, ",23,",  FW  ",13(12),1144	,5	,1	,2	,1.3	,74.4	,0.2	,-	,6.39
https://www.whoscored.com/Players/323564/Show/Julien-Ngoy,	238,Julien Ngoy,https://www.whoscored.com/Teams/237/Show/Belgium-KV-Mechelen,"KV Mechelen, ",26,",  AM(L),FW  ",17(9),1555	,5	,2	,2	,0.9	,68.6	,0.3	,-	,6.39
https://www.whoscored.com/Players/259352/Show/David-Atanga,	239,David Atanga,https://www.whoscored.com/Teams/2165/Show/Belgium-Oostende,"Oostende, ",27,",  M(CLR),FW  ",13(15),1258	,5	,1	,2	,0.9	,74.7	,0.5	,1	,6.39
https://www.whoscored.com/Players/424609/Show/Oleksandr-Drambaev,	240,Oleksandr Drambaev,https://www.whoscored.com/Teams/2164/Show/Belgium-Zulte-Waregem,"Zulte Waregem, ",23,",  D(L)  ",12(10),1230	,1	,1	,-	,0.2	,72.6	,0.3	,-	,6.38
https://www.whoscored.com/Players/400303/Show/Ali-Gholizadeh,	241,Ali Gholizadeh,https://www.whoscored.com/Teams/260/Show/Belgium-Sporting-Charleroi,"Sporting Charleroi, ",28,",  AM(CLR),FW  ",9(10),883	,1	,1	,-	,1.2	,77.4	,0.1	,-	,6.37
https://www.whoscored.com/Players/332815/Show/Kenny-Rocha,	242,Kenny Rocha,https://www.whoscored.com/Teams/2165/Show/Belgium-Oostende,"Oostende, ",24,",  AM(C)  ",16(3),1265	,-	,-	,7	,0.6	,69	,0.7	,-	,6.37
https://www.whoscored.com/Players/326460/Show/Morgan-Poaty,	243,Morgan Poaty,https://www.whoscored.com/Teams/5747/Show/Belgium-RFC-Seraing,"RFC Seraing, ",26,",  D(L),M(L)  ",24(7),2092	,3	,1	,2	,0.5	,67.5	,0.4	,-	,6.36
https://www.whoscored.com/Players/420047/Show/Mathieu-Cachbach,	244,Mathieu Cachbach,https://www.whoscored.com/Teams/5747/Show/Belgium-RFC-Seraing,"RFC Seraing, ",22,",  M(C)  ",21(4),1713	,-	,3	,6	,0.2	,79.6	,0.4	,-	,6.36
https://www.whoscored.com/Players/380615/Show/Sambou-Sissoko,	245,Sambou Sissoko,https://www.whoscored.com/Teams/5747/Show/Belgium-RFC-Seraing,"RFC Seraing, ",25,",  DMC  ",26(6),2340	,1	,2	,8	,0.9	,76.1	,0.6	,-	,6.36
https://www.whoscored.com/Players/399964/Show/Robbie-D-39-Haese,	246,Robbie D'Haese,https://www.whoscored.com/Teams/2165/Show/Belgium-Oostende,"Oostende, ",25,",  D(L),M(LR)  ",14(5),1189	,1	,-	,-	,0.6	,65	,0.5	,-	,6.35
https://www.whoscored.com/Players/442973/Show/Modou-Tambedou,	247,Modou Tambedou,https://www.whoscored.com/Teams/2164/Show/Belgium-Zulte-Waregem,"Zulte Waregem, ",21,",  D(C)  ",17(1),1413	,1	,-	,5	,0.4	,82.8	,1.1	,-	,6.35
https://www.whoscored.com/Players/364201/Show/Alfons-Amade,	248,Alfons Amade,https://www.whoscored.com/Teams/2165/Show/Belgium-Oostende,"Oostende, ",24,",  DMC  ",15(5),1299	,-	,-	,4	,0.4	,73.5	,0.3	,-	,6.34
https://www.whoscored.com/Players/426602/Show/Billal-Messaoudi,	249,Billal Messaoudi,https://www.whoscored.com/Teams/886/Show/Belgium-Kortrijk,"Kortrijk, ",26,",  AM(R),FW  ",18(13),1643	,2	,1	,2	,1.8	,67.9	,1.1	,-	,6.34
https://www.whoscored.com/Players/121282/Show/Stipe-Perica,	250,Stipe Perica,https://www.whoscored.com/Teams/261/Show/Belgium-Standard-Liege,"Standard Liege, ",28,",  FW  ",10(13),1032	,4	,2	,3	,1.3	,66.3	,0.6	,-	,6.33
https://www.whoscored.com/Players/349147/Show/Vagner,	251,Vagner,https://www.whoscored.com/Teams/5747/Show/Belgium-RFC-Seraing,"RFC Seraing, ",28,",  AM(L),FW  ",16(7),1425	,4	,1	,3	,1.2	,71.8	,0.6	,2	,6.33
https://www.whoscored.com/Players/83190/Show/Jason-Davidson,	252,Jason Davidson,https://www.whoscored.com/Teams/2166/Show/Belgium-Eupen,"Eupen, ",32,",  D(CL),M(L)  ",30(3),2667	,-	,-	,5	,0.8	,72.4	,1.9	,-	,6.33
https://www.whoscored.com/Players/400515/Show/Joren-Dom,	253,Joren Dom,https://www.whoscored.com/Teams/1406/Show/Belgium-OH-Leuven,"OH Leuven, ",34,",  D(CR),DMC,M(R)  ",11(20),1198	,-	,-	,1	,0.5	,72.3	,0.8	,-	,6.32
https://www.whoscored.com/Players/416030/Show/Antonio-Nusa,	254,Antonio Nusa,https://www.whoscored.com/Teams/124/Show/Belgium-Club-Bruges,"Club Bruges, ",19,",  AM(L)  ",5(16),553	,1	,1	,1	,0.6	,80.5	,-	,-	,6.32
https://www.whoscored.com/Players/399854/Show/Isaac-Nuhu,	255,Isaac Nuhu,https://www.whoscored.com/Teams/2166/Show/Belgium-Eupen,"Eupen, ",22,",  AM(CLR),FW  ",13(6),1079	,2	,1	,2	,1.3	,70	,0.3	,-	,6.32
https://www.whoscored.com/Players/430351/Show/Cihan-%C3%87anak,	256,Cihan Çanak,https://www.whoscored.com/Teams/261/Show/Belgium-Standard-Liege,"Standard Liege, ",19,",  M(CL)  ",5(23),799	,1	,3	,4	,0.6	,74.8	,0.2	,-	,6.31
https://www.whoscored.com/Players/60235/Show/Daniel-Opare,	257,Daniel Opare,https://www.whoscored.com/Teams/5747/Show/Belgium-RFC-Seraing,"RFC Seraing, ",33,",  D(CLR),M(R)  ",21(2),1665	,-	,-	,4	,0.1	,69.7	,0.7	,-	,6.31
https://www.whoscored.com/Players/399965/Show/Th%C3%A9o-Ndicka,	258,Théo Ndicka,https://www.whoscored.com/Teams/2165/Show/Belgium-Oostende,"Oostende, ",24,",  D(L),M(L)  ",16(7),1228	,2	,1	,3	,0.8	,68.6	,0.1	,-	,6.31
https://www.whoscored.com/Players/420403/Show/Guillaume-Fran%C3%A7ois,	259,Guillaume François,https://www.whoscored.com/Teams/2647/Show/Belgium-Union-St-Gilloise,"Union St.Gilloise, ",33,",  M(R)  ",5(11),443	,-	,1	,2	,0.3	,70.9	,0.2	,-	,6.31
https://www.whoscored.com/Players/425725/Show/Lukas-Willen,	260,Lukas Willen,https://www.whoscored.com/Teams/2164/Show/Belgium-Zulte-Waregem,"Zulte Waregem, ",21,",  D(C)  ",15(4),1416	,1	,1	,3	,0.3	,80.3	,1.1	,-	,6.31
https://www.whoscored.com/Players/281025/Show/Roman-Yaremchuk,	261,Roman Yaremchuk,https://www.whoscored.com/Teams/124/Show/Belgium-Club-Bruges,"Club Bruges, ",28,",  FW  ",8(14),875	,2	,2	,2	,1.1	,75.2	,0.6	,-	,6.30
https://www.whoscored.com/Players/442977/Show/S%C3%A9rgio-Concei%C3%A7%C3%A3o,	262,Sérgio Conceição,https://www.whoscored.com/Teams/5747/Show/Belgium-RFC-Seraing,"RFC Seraing, ",27,",  M(R)  ",7(13),739	,-	,-	,1	,0.6	,68.8	,0.3	,-	,6.29
https://www.whoscored.com/Players/368548/Show/Isaac-Christie-Davies,	263,Isaac Christie-Davies,https://www.whoscored.com/Teams/2166/Show/Belgium-Eupen,"Eupen, ",26,",  M(C)  ",15(9),1334	,-	,2	,3	,0.5	,74.5	,0.5	,-	,6.29
https://www.whoscored.com/Players/399855/Show/Dylan-Mbayo,	264,Dylan Mbayo,https://www.whoscored.com/Teams/886/Show/Belgium-Kortrijk,"Kortrijk, ",22,",  AM(R)  ",6(13),675	,1	,-	,1	,0.4	,76.4	,-	,-	,6.28
https://www.whoscored.com/Players/409491/Show/Yonas-Malede,	265,Yonas Malede,https://www.whoscored.com/Teams/237/Show/Belgium-KV-Mechelen,"KV Mechelen, ",24,",  FW  ",9(17),1082	,-	,2	,1	,0.8	,70.6	,0.5	,-	,6.28
https://www.whoscored.com/Players/443980/Show/Oussama-El-Azzouzi,	266,Oussama El Azzouzi,https://www.whoscored.com/Teams/2647/Show/Belgium-Union-St-Gilloise,"Union St.Gilloise, ",22,",  M(C)  ",3(14),500	,-	,-	,-	,0.1	,84	,0.6	,-	,6.27
https://www.whoscored.com/Players/260781/Show/Christophe-Lepoint,	267,Christophe Lepoint,https://www.whoscored.com/Teams/5747/Show/Belgium-RFC-Seraing,"RFC Seraing, ",39,",  D(C),DMC  ",21(4),1937	,1	,1	,5	,0.4	,81.2	,1.4	,-	,6.27
https://www.whoscored.com/Players/52201/Show/Sammy-Bossut,	268,Sammy Bossut,https://www.whoscored.com/Teams/2164/Show/Belgium-Zulte-Waregem,"Zulte Waregem, ",38,",  GK  ",22,1980	,-	,-	,1	,-	,70.3	,0.1	,-	,6.27
https://www.whoscored.com/Players/137330/Show/Borja-L%C3%B3pez,	269,Borja López,https://www.whoscored.com/Teams/2164/Show/Belgium-Zulte-Waregem,"Zulte Waregem, ",30,",  D(C)  ",16(3),1423	,1	,-	,4	,0.5	,74.4	,1.5	,1	,6.27
https://www.whoscored.com/Players/443486/Show/Leroy-Abanda,	270,Leroy Abanda,https://www.whoscored.com/Teams/5747/Show/Belgium-RFC-Seraing,"RFC Seraing, ",23,",  M(L)  ",6(11),682	,-	,-	,2	,0.4	,61.6	,0.4	,-	,6.26
https://www.whoscored.com/Players/367408/Show/Pape-Gu%C3%A8ye,	271,Pape Guèye,https://www.whoscored.com/Teams/886/Show/Belgium-Kortrijk,"Kortrijk, ",24,",  FW  ",13(13),1206	,3	,1	,5	,0.9	,64.4	,1.7	,-	,6.25
https://www.whoscored.com/Players/317297/Show/J%C3%A9r%C3%B4me-D%C3%A9om,	272,Jérôme Déom,https://www.whoscored.com/Teams/2166/Show/Belgium-Eupen,"Eupen, ",25,",  AM(C)  ",6(10),509	,-	,1	,3	,0.3	,83.7	,0.1	,-	,6.24
https://www.whoscored.com/Players/400299/Show/Jannes-Van-Hecke,	273,Jannes Van Hecke,https://www.whoscored.com/Teams/237/Show/Belgium-KV-Mechelen,"KV Mechelen, ",22,",  D(R),M(C)  ",16(11),1515	,-	,-	,5	,0.4	,80.6	,0.4	,-	,6.24
https://www.whoscored.com/Players/447459/Show/St%C3%A8ve-Mvou%C3%A9,	274,Stève Mvoué,https://www.whoscored.com/Teams/5747/Show/Belgium-RFC-Seraing,"RFC Seraing, ",22,",  M(C)  ",14(8),1152	,1	,-	,-	,0.6	,73.5	,1	,-	,6.22
https://www.whoscored.com/Players/399967/Show/Brecht-Capon,	275,Brecht Capon,https://www.whoscored.com/Teams/2165/Show/Belgium-Oostende,"Oostende, ",36,",  D(CR),M(R)  ",11(10),1120	,-	,-	,-	,0.5	,64.6	,0.7	,-	,6.22
https://www.whoscored.com/Players/412841/Show/Christopher-Scott,	276,Christopher Scott,https://www.whoscored.com/Teams/752/Show/Belgium-Royal-Antwerp,"Royal Antwerp, ",21,",  Midfielder  ",0(18),263	,1	,-	,1	,0.3	,84.8	,0.2	,-	,6.21
https://www.whoscored.com/Players/300064/Show/David-Henen,	277,David Henen,https://www.whoscored.com/Teams/886/Show/Belgium-Kortrijk,"Kortrijk, ",28,",  M(R)  ",8(9),680	,-	,-	,1	,0.2	,78.9	,0.5	,-	,6.21
https://www.whoscored.com/Players/400499/Show/Stan-Van-Dessel,	278,Stan Van Dessel,https://www.whoscored.com/Teams/239/Show/Belgium-St-Truiden,"St.Truiden, ",22,",  M(C)  ",3(17),416	,-	,2	,2	,-	,73.8	,0.1	,-	,6.20
https://www.whoscored.com/Players/320977/Show/Jens-Petter-Hauge,	279,Jens Petter Hauge,https://www.whoscored.com/Teams/231/Show/Belgium-Gent,"Gent, ",24,",  AM(CLR)  ",2(16),328	,-	,-	,1	,0.7	,81.1	,0.1	,-	,6.15
https://www.whoscored.com/Players/367962/Show/Marvin-Tshibuabua,	280,Marvin Tshibuabua,https://www.whoscored.com/Teams/5747/Show/Belgium-RFC-Seraing,"RFC Seraing, ",22,",  D(C)  ",18,1490	,-	,1	,4	,0.2	,78.2	,1	,-	,6.15
https://www.whoscored.com/Players/442974/Show/Stan-Braem,	281,Stan Braem,https://www.whoscored.com/Teams/2164/Show/Belgium-Zulte-Waregem,"Zulte Waregem, ",25,",  Forward  ",0(16),186	,2	,-	,1	,0.6	,58	,0.3	,-	,6.14
https://www.whoscored.com/Players/400938/Show/Jacob-Laursen,	282,Jacob Laursen,https://www.whoscored.com/Teams/261/Show/Belgium-Standard-Liege,"Standard Liege, ",29,",  D(L),M(L)  ",8(8),735	,-	,-	,2	,0.1	,78.9	,0.7	,-	,6.13
https://www.whoscored.com/Players/424282/Show/Osher-Davida,	283,Osher Davida,https://www.whoscored.com/Teams/261/Show/Belgium-Standard-Liege,"Standard Liege, ",23,",  Forward  ",3(18),491	,-	,-	,2	,0.3	,75.9	,-	,-	,6.11
https://www.whoscored.com/Players/442978/Show/Valentin-Guillaume,	284,Valentin Guillaume,https://www.whoscored.com/Teams/5747/Show/Belgium-RFC-Seraing,"RFC Seraing, ",23,",  Midfielder  ",4(15),468	,-	,-	,1	,0.1	,68.5	,0.3	,-	,6.04
https://www.whoscored.com/Players/306556/Show/Thibault-Vlietinck,	285,Thibault Vlietinck,https://www.whoscored.com/Teams/1406/Show/Belgium-OH-Leuven,"OH Leuven, ",26,",  D(R),M(LR)  ",1(16),300	,-	,-	,-	,0.2	,83.3	,0.2	,-	,6.04
